

Microchip MPLAB XC8 Assembler V2.40 build 20220703182018 
                                                                                               Sat Dec 02 04:28:34 2023

Microchip MPLAB XC8 C Compiler v2.40 (Free license) build 20220703182018 Og1 
     1                           	processor	18F4620
     2                           	fnconf	rparam,??,?,0
     3                           	pagewidth 120
     4                           	opt	flic
     5                           	psect	idataCOMRAM,global,class=CODE,delta=1,noexec
     6                           	psect	cinit,global,reloc=2,class=CODE,delta=1
     7                           	psect	bssCOMRAM,global,class=COMRAM,space=1,delta=1,lowdata,noexec
     8                           	psect	dataCOMRAM,global,class=COMRAM,space=1,delta=1,lowdata,noexec
     9                           	psect	cstackCOMRAM,global,class=COMRAM,space=1,delta=1,lowdata,noexec
    10                           	psect	text0,global,reloc=2,class=CODE,delta=1
    11                           	psect	intcodelo,global,reloc=2,class=CODE,delta=1
    12                           	psect	text2,global,reloc=2,class=CODE,delta=1
    13                           	psect	text3,global,reloc=2,class=CODE,delta=1
    14                           	psect	text4,global,reloc=2,class=CODE,delta=1
    15                           	psect	text5,global,reloc=2,class=CODE,delta=1
    16                           	psect	text6,global,reloc=2,class=CODE,delta=1
    17                           	psect	text7,global,reloc=2,class=CODE,delta=1
    18                           	psect	intcode,global,reloc=2,class=CODE,delta=1
    19                           	psect	intcode_body,global,reloc=2,class=CODE,delta=1
    20                           	psect	text9,global,reloc=2,class=CODE,delta=1
    21                           	psect	text10,global,reloc=2,class=CODE,delta=1
    22                           	psect	text11,global,reloc=2,class=CODE,delta=1
    23                           	psect	text12,global,reloc=2,class=CODE,delta=1
    24                           	psect	text13,global,reloc=2,class=CODE,delta=1
    25                           	psect	text14,global,reloc=2,class=CODE,delta=1
    26                           	psect	text15,global,reloc=2,class=CODE,delta=1
    27                           	psect	text16,global,reloc=2,class=CODE,delta=1
    28                           	psect	text17,global,reloc=2,class=CODE,delta=1
    29                           	psect	text18,global,reloc=2,class=CODE,delta=1
    30                           	psect	text19,global,reloc=2,class=CODE,delta=1
    31                           	psect	text20,global,reloc=2,class=CODE,delta=1
    32                           	psect	text21,global,reloc=2,class=CODE,delta=1
    33                           	psect	text22,global,reloc=2,class=CODE,delta=1
    34                           	psect	text23,global,reloc=2,class=CODE,delta=1
    35                           	psect	text24,global,reloc=2,class=CODE,delta=1
    36                           	psect	text25,global,reloc=2,class=CODE,delta=1
    37                           	psect	text26,global,reloc=2,class=CODE,delta=1
    38                           	psect	text27,global,reloc=2,class=CODE,delta=1
    39                           	psect	text28,global,reloc=2,class=CODE,delta=1
    40                           	psect	intsave_regs,global,class=BIGRAM,space=1,delta=1,noexec
    41                           	psect	text29,global,reloc=2,class=CODE,delta=1
    42                           	psect	rparam,global,class=COMRAM,space=1,delta=1,noexec
    43                           	psect	temp,global,ovrld,common,class=COMRAM,space=1,delta=1
    44                           	psect	idloc,global,abs,ovrld,class=IDLOC,space=5,delta=1,noexec
    45                           	psect	config,global,abs,ovrld,class=CONFIG,space=4,delta=1,noexec
    46   000000                     
    47                           ; Version 2.40
    48                           ; Generated 17/11/2021 GMT
    49                           ; 
    50                           ; Copyright © 2021, Microchip Technology Inc. and its subsidiaries ("Microchip")
    51                           ; All rights reserved.
    52                           ; 
    53                           ; This software is developed by Microchip Technology Inc. and its subsidiaries ("Microch
      +                          ip").
    54                           ; 
    55                           ; Redistribution and use in source and binary forms, with or without modification, are
    56                           ; permitted provided that the following conditions are met:
    57                           ; 
    58                           ;     1. Redistributions of source code must retain the above copyright notice, this lis
      +                          t of
    59                           ;        conditions and the following disclaimer.
    60                           ; 
    61                           ;     2. Redistributions in binary form must reproduce the above copyright notice, this 
      +                          list
    62                           ;        of conditions and the following disclaimer in the documentation and/or other
    63                           ;        materials provided with the distribution. Publication is not required when
    64                           ;        this file is used in an embedded application.
    65                           ; 
    66                           ;     3. Microchip's name may not be used to endorse or promote products derived from th
      +                          is
    67                           ;        software without specific prior written permission.
    68                           ; 
    69                           ; THIS SOFTWARE IS PROVIDED BY MICROCHIP "AS IS" AND ANY EXPRESS OR IMPLIED WARRANTIES,
    70                           ; INCLUDING, BUT NOT LIMITED TO, THE IMPLIED WARRANTIES OF MERCHANTABILITY AND FITNESS F
      +                          OR
    71                           ; PURPOSE ARE DISCLAIMED.  IN NO EVENT SHALL MICROCHIP BE LIABLE FOR ANY DIRECT, INDIREC
      +                          T,
    72                           ; INCIDENTAL, SPECIAL, EXEMPLARY, OR CONSEQUENTIAL DAMAGES (INCLUDING BUT NOT LIMITED TO
    73                           ; PROCUREMENT OF SUBSTITUTE GOODS OR SERVICES; LOSS OF USE, DATA OR PROFITS; OR BUSINESS
    74                           ; INTERRUPTION) HOWSOEVER CAUSED AND ON ANY THEORY OF LIABILITY, WHETHER IN CONTRACT, ST
      +                          RICT
    75                           ; LIABILITY, OR TORT (INCLUDING NEGLIGENCE OR OTHERWISE) ARISING IN ANY WAY OUT OF THE U
      +                          SE OF
    76                           ; THIS SOFTWARE, EVEN IF ADVISED OF THE POSSIBILITY OF SUCH DAMAGE.
    77                           ; 
    78                           ; 
    79                           ; Code-generator required, PIC18F4620 Definitions
    80                           ; 
    81                           ; SFR Addresses
    82   000000                     
    83                           	psect	idataCOMRAM
    84   00077E                     __pidataCOMRAM:
    85                           	callstack 0
    86                           
    87                           ;initializer for __XTAL_FREQ
    88   00077E  1200               	dw	4608
    89   000780  007A               	dw	122
    90   000000                     _TMR3	set	4018
    91   000000                     _TRISCbits	set	3988
    92   000000                     _RCSTAbits	set	4011
    93   000000                     _ADCON2BIT	set	4032
    94   000000                     _ADCON0BIT	set	4034
    95   000000                     _T2CONBIT	set	4042
    96   000000                     _T1CONBIT	set	4045
    97   000000                     _T0CONBIT	set	4053
    98   000000                     _BAUDCONbits	set	4024
    99   000000                     _TXSTAbits	set	4012
   100   000000                     _RCREG	set	4014
   101   000000                     _PIE1bits	set	3997
   102   000000                     _PIR1bits	set	3998
   103                           
   104                           ; #config settings
   105                           
   106                           	psect	cinit
   107   00066A                     __pcinit:
   108                           	callstack 0
   109   00066A                     start_initialization:
   110                           	callstack 0
   111   00066A                     __initialization:
   112                           	callstack 0
   113                           
   114                           ; Initialize objects allocated to COMRAM (4 bytes)
   115                           ; load TBLPTR registers with __pidataCOMRAM
   116   00066A  0E7E               	movlw	low __pidataCOMRAM
   117   00066C  6EF6               	movwf	tblptrl,c
   118   00066E  0E07               	movlw	high __pidataCOMRAM
   119   000670  6EF7               	movwf	tblptrh,c
   120   000672  0E00               	movlw	low (__pidataCOMRAM shr (0+16))
   121   000674  6EF8               	movwf	tblptru,c
   122   000676  EE00  F050         	lfsr	0,__pdataCOMRAM
   123   00067A  EE10 F004          	lfsr	1,4
   124   00067E                     copy_data0:
   125   00067E  0009               	tblrd		*+
   126   000680  CFF5 FFEE          	movff	tablat,postinc0
   127   000684  50E5               	movf	postdec1,w,c
   128   000686  50E1               	movf	fsr1l,w,c
   129   000688  E1FA               	bnz	copy_data0
   130                           
   131                           ; Clear objects allocated to COMRAM (53 bytes)
   132   00068A  EE00  F001         	lfsr	0,__pbssCOMRAM
   133   00068E  0E35               	movlw	53
   134   000690                     clear_0:
   135   000690  6AEE               	clrf	postinc0,c
   136   000692  06E8               	decf	wreg,f,c
   137   000694  E1FD               	bnz	clear_0
   138   000696                     end_of_initialization:
   139                           	callstack 0
   140   000696                     __end_of__initialization:
   141                           	callstack 0
   142   000696  9054               	bcf	int$flags,0,c	;clear compiler interrupt flag (level 1)
   143   000698  9254               	bcf	int$flags,1,c	;clear compiler interrupt flag (level 2)
   144   00069A  0E00               	movlw	low (__Lmediumconst shr (0+16))
   145   00069C  6EF8               	movwf	tblptru,c
   146   00069E  0100               	movlb	0
   147   0006A0  EFB3  F003         	goto	_main	;jump to C main() function
   148                           
   149                           	psect	bssCOMRAM
   150   000001                     __pbssCOMRAM:
   151                           	callstack 0
   152   000001                     _z:
   153                           	callstack 0
   154   000001                     	ds	2
   155   000003                     _y:
   156                           	callstack 0
   157   000003                     	ds	2
   158   000005                     _x:
   159                           	callstack 0
   160   000005                     	ds	2
   161   000007                     _Timer1_Preload:
   162                           	callstack 0
   163   000007                     	ds	2
   164   000009                     _Timer0_Preload:
   165                           	callstack 0
   166   000009                     	ds	2
   167   00000B                     _EUSART_OverrunErrorHandler:
   168                           	callstack 0
   169   00000B                     	ds	2
   170   00000D                     _EUSART_FramingErrorHandler:
   171                           	callstack 0
   172   00000D                     	ds	2
   173   00000F                     _EUSART_RxInterruptHandler:
   174                           	callstack 0
   175   00000F                     	ds	2
   176   000011                     _EUSART_TxInterruptHandler:
   177                           	callstack 0
   178   000011                     	ds	2
   179   000013                     _Timer3_InterruptHandler:
   180                           	callstack 0
   181   000013                     	ds	2
   182   000015                     _Timer2_InterruptHandler:
   183                           	callstack 0
   184   000015                     	ds	2
   185   000017                     _Timer1_InterruptHandler:
   186                           	callstack 0
   187   000017                     	ds	2
   188   000019                     _Timer0_InterruptHandler:
   189                           	callstack 0
   190   000019                     	ds	2
   191   00001B                     _ADC_InterruptHandler:
   192                           	callstack 0
   193   00001B                     	ds	2
   194   00001D                     _INT2_InterruptHandler:
   195                           	callstack 0
   196   00001D                     	ds	2
   197   00001F                     _INT1_InterruptHandler:
   198                           	callstack 0
   199   00001F                     	ds	2
   200   000021                     _INT0_InterruptHandler:
   201                           	callstack 0
   202   000021                     	ds	2
   203   000023                     _RB7_InterruptHandlerLow:
   204                           	callstack 0
   205   000023                     	ds	2
   206   000025                     _RB7_InterruptHandlerHigh:
   207                           	callstack 0
   208   000025                     	ds	2
   209   000027                     _RB6_InterruptHandlerLow:
   210                           	callstack 0
   211   000027                     	ds	2
   212   000029                     _RB6_InterruptHandlerHigh:
   213                           	callstack 0
   214   000029                     	ds	2
   215   00002B                     _RB5_InterruptHandlerLow:
   216                           	callstack 0
   217   00002B                     	ds	2
   218   00002D                     _RB5_InterruptHandlerHigh:
   219                           	callstack 0
   220   00002D                     	ds	2
   221   00002F                     _RB4_InterruptHandlerLow:
   222                           	callstack 0
   223   00002F                     	ds	2
   224   000031                     _RB4_InterruptHandlerHigh:
   225                           	callstack 0
   226   000031                     	ds	2
   227   000033                     _Timer3_Preload:
   228                           	callstack 0
   229   000033                     	ds	1
   230   000034                     _Timer2_Preload:
   231                           	callstack 0
   232   000034                     	ds	1
   233   000035                     _rec_uart_data:
   234                           	callstack 0
   235   000035                     	ds	1
   236                           
   237                           	psect	dataCOMRAM
   238   000050                     __pdataCOMRAM:
   239                           	callstack 0
   240   000050                     __XTAL_FREQ:
   241                           	callstack 0
   242   000050                     	ds	4
   243                           
   244                           	psect	cstackCOMRAM
   245   000036                     __pcstackCOMRAM:
   246                           	callstack 0
   247   000036                     dio_pin_write_logic@port:
   248                           	callstack 0
   249   000036                     EUSART_ASYNC_WriteByte@_data:
   250                           	callstack 0
   251   000036                     EUSART_ASYNC_ReadByte@_data:
   252                           	callstack 0
   253                           
   254                           ; 2 bytes @ 0x0
   255   000036                     	ds	1
   256   000037                     dio_pin_write_logic@logic:
   257                           	callstack 0
   258                           
   259                           ; 1 bytes @ 0x1
   260   000037                     	ds	1
   261   000038                     ??_dio_pin_write_logic:
   262   000038                     
   263                           ; 1 bytes @ 0x2
   264   000038                     	ds	2
   265   00003A                     dio_pin_write_logic@ret:
   266                           	callstack 0
   267                           
   268                           ; 1 bytes @ 0x4
   269   00003A                     	ds	1
   270   00003B                     dio_pin_write_logic@pinNum:
   271                           	callstack 0
   272                           
   273                           ; 1 bytes @ 0x5
   274   00003B                     	ds	1
   275   00003C                     led_on@port:
   276                           	callstack 0
   277   00003C                     led_off@port:
   278                           	callstack 0
   279                           
   280                           ; 1 bytes @ 0x6
   281   00003C                     	ds	1
   282   00003D                     led_on@pinNum:
   283                           	callstack 0
   284   00003D                     led_off@pinNum:
   285                           	callstack 0
   286                           
   287                           ; 1 bytes @ 0x7
   288   00003D                     	ds	1
   289   00003E                     EUSART_RxDefaultInterruptHandler@i:
   290                           	callstack 0
   291                           
   292                           ; 2 bytes @ 0x8
   293   00003E                     	ds	2
   294   000040                     EUSART_RxDefaultInterruptHandler@j:
   295                           	callstack 0
   296                           
   297                           ; 2 bytes @ 0xA
   298   000040                     	ds	2
   299   000042                     EUSART_RxDefaultInterruptHandler@i_1056:
   300                           	callstack 0
   301                           
   302                           ; 2 bytes @ 0xC
   303   000042                     	ds	2
   304   000044                     EUSART_RxDefaultInterruptHandler@j_1057:
   305                           	callstack 0
   306                           
   307                           ; 2 bytes @ 0xE
   308   000044                     	ds	2
   309   000046                     ??_InterruptHigh:
   310                           
   311                           ; 1 bytes @ 0x10
   312   000046                     	ds	6
   313   00004C                     ??_InterruptLow:
   314                           
   315                           ; 1 bytes @ 0x16
   316   00004C                     	ds	4
   317   000050                     
   318                           ; 1 bytes @ 0x1A
   319 ;;
   320 ;;Main: autosize = 0, tempsize = 0, incstack = 0, save=0
   321 ;;
   322 ;; *************** function _main *****************
   323 ;; Defined at:
   324 ;;		line 54 in file "main.c"
   325 ;; Parameters:    Size  Location     Type
   326 ;;		None
   327 ;; Auto vars:     Size  Location     Type
   328 ;;		None
   329 ;; Return value:  Size  Location     Type
   330 ;;                  2  936[None  ] int 
   331 ;; Registers used:
   332 ;;		None
   333 ;; Tracked objects:
   334 ;;		On entry : 0/0
   335 ;;		On exit  : 0/0
   336 ;;		Unchanged: 0/0
   337 ;; Data sizes:     COMRAM   BANK0   BANK1   BANK2   BANK3   BANK4   BANK5   BANK6   BANK7   BANK8   BANK9  BANK10  BANK1
      +1  BANK12  BANK13  BANK14  BANK15
   338 ;;      Params:         0       0       0       0       0       0       0       0       0       0       0       0       
      +0       0       0       0       0
   339 ;;      Locals:         0       0       0       0       0       0       0       0       0       0       0       0       
      +0       0       0       0       0
   340 ;;      Temps:          0       0       0       0       0       0       0       0       0       0       0       0       
      +0       0       0       0       0
   341 ;;      Totals:         0       0       0       0       0       0       0       0       0       0       0       0       
      +0       0       0       0       0
   342 ;;Total ram usage:        0 bytes
   343 ;; Hardware stack levels required when called: 7
   344 ;; This function calls:
   345 ;;		Nothing
   346 ;; This function is called by:
   347 ;;		Startup code after reset
   348 ;; This function uses a non-reentrant model
   349 ;;
   350                           
   351                           	psect	text0
   352   000766                     __ptext0:
   353                           	callstack 0
   354   000766                     _main:
   355                           	callstack 24
   356   000766                     l937:
   357   000766  EFB3  F003         	goto	l937
   358   00076A  EF75  F000         	goto	start
   359   00076E                     __end_of_main:
   360                           	callstack 0
   361                           
   362 ;; *************** function _InterruptLow *****************
   363 ;; Defined at:
   364 ;;		line 66 in file "MCAL/Interrupt/Interrupt_Manager.c"
   365 ;; Parameters:    Size  Location     Type
   366 ;;		None
   367 ;; Auto vars:     Size  Location     Type
   368 ;;		None
   369 ;; Return value:  Size  Location     Type
   370 ;;                  1    wreg      void 
   371 ;; Registers used:
   372 ;;		wreg, status,2, status,0, cstack
   373 ;; Tracked objects:
   374 ;;		On entry : 0/0
   375 ;;		On exit  : 0/0
   376 ;;		Unchanged: 0/0
   377 ;; Data sizes:     COMRAM   BANK0   BANK1   BANK2   BANK3   BANK4   BANK5   BANK6   BANK7   BANK8   BANK9  BANK10  BANK1
      +1  BANK12  BANK13  BANK14  BANK15
   378 ;;      Params:         0       0       0       0       0       0       0       0       0       0       0       0       
      +0       0       0       0       0
   379 ;;      Locals:         0       0       0       0       0       0       0       0       0       0       0       0       
      +0       0       0       0       0
   380 ;;      Temps:          4       0       0       0       0       0       0       0       0       0       0       0       
      +0       0       0       0       0
   381 ;;      Totals:         4       0       0       0       0       0       0       0       0       0       0       0       
      +0       0       0       0       0
   382 ;;Total ram usage:        4 bytes
   383 ;; Hardware stack levels used: 1
   384 ;; Hardware stack levels required when called: 6
   385 ;; This function calls:
   386 ;;		_INT1_ISR
   387 ;;		_RB4_ISR_High
   388 ;;		_RB4_ISR_Low
   389 ;;		_Timer0_ISR
   390 ;;		_Timer1_ISR
   391 ;;		_Timer2_ISR
   392 ;; This function is called by:
   393 ;;		Interrupt level 1
   394 ;; This function uses a non-reentrant model
   395 ;;
   396                           
   397                           	psect	intcodelo
   398   000018                     __pintcodelo:
   399                           	callstack 0
   400   000018                     _InterruptLow:
   401                           	callstack 24
   402                           
   403                           ;incstack = 0
   404   000018  8054               	bsf	int$flags,0,c	;set compiler interrupt flag (level 1)
   405   00001A  CFD8 F04D          	movff	status,??_InterruptLow+1
   406   00001E  CFE8 F04E          	movff	wreg,??_InterruptLow+2
   407   000022  CFE0 F04F          	movff	bsr,??_InterruptLow+3
   408   000026                     
   409                           ;MCAL/Interrupt/Interrupt_Manager.c: 69:     if(((*((volatile uint8_t *)0xF9E) >> BIT1)&
      +                           (uint8_t)0x01))
   410   000026  CF9E F04C          	movff	3998,??_InterruptLow	;volatile
   411   00002A  90D8               	bcf	status,0,c
   412   00002C  324C               	rrcf	??_InterruptLow^0,f,c
   413   00002E  A04C               	btfss	??_InterruptLow^0,0,c
   414   000030  EF1C  F000         	goto	i1u187_21
   415   000034  EF1E  F000         	goto	i1u187_20
   416   000038                     i1u187_21:
   417   000038  EF20  F000         	goto	i1l3019
   418   00003C                     i1u187_20:
   419   00003C                     
   420                           ;MCAL/Interrupt/Interrupt_Manager.c: 70:         Timer2_ISR();
   421   00003C  ECB7  F003         	call	_Timer2_ISR	;wreg free
   422   000040                     i1l3019:
   423                           
   424                           ;MCAL/Interrupt/Interrupt_Manager.c: 73:     if(((*((volatile uint8_t *)0xF9E) >> BIT0)&
      +                           (uint8_t)0x01))
   425   000040  A09E               	btfss	158,0,c	;volatile
   426   000042  EF25  F000         	goto	i1u188_21
   427   000046  EF27  F000         	goto	i1u188_20
   428   00004A                     i1u188_21:
   429   00004A  EF29  F000         	goto	i1l3023
   430   00004E                     i1u188_20:
   431   00004E                     
   432                           ;MCAL/Interrupt/Interrupt_Manager.c: 74:         Timer1_ISR();
   433   00004E  EC9B  F003         	call	_Timer1_ISR	;wreg free
   434   000052                     i1l3023:
   435                           
   436                           ;MCAL/Interrupt/Interrupt_Manager.c: 77:     if(((*((volatile uint8_t *)0xFF2) >> BIT2)&
      +                           (uint8_t)0x01))
   437   000052  CFF2 F04C          	movff	4082,??_InterruptLow	;volatile
   438   000056  90D8               	bcf	status,0,c
   439   000058  324C               	rrcf	??_InterruptLow^0,f,c
   440   00005A  90D8               	bcf	status,0,c
   441   00005C  324C               	rrcf	??_InterruptLow^0,f,c
   442   00005E  A04C               	btfss	??_InterruptLow^0,0,c
   443   000060  EF34  F000         	goto	i1u189_21
   444   000064  EF36  F000         	goto	i1u189_20
   445   000068                     i1u189_21:
   446   000068  EF38  F000         	goto	i1l3027
   447   00006C                     i1u189_20:
   448   00006C                     
   449                           ;MCAL/Interrupt/Interrupt_Manager.c: 78:         Timer0_ISR();
   450   00006C  ECA1  F003         	call	_Timer0_ISR	;wreg free
   451   000070                     i1l3027:
   452                           
   453                           ;MCAL/Interrupt/Interrupt_Manager.c: 80:     if(((*((volatile uint8_t *)0xFF0) >> BIT0)&
      +                           (uint8_t)0x01))
   454   000070  A0F0               	btfss	240,0,c	;volatile
   455   000072  EF3D  F000         	goto	i1u190_21
   456   000076  EF3F  F000         	goto	i1u190_20
   457   00007A                     i1u190_21:
   458   00007A  EF41  F000         	goto	i1l3031
   459   00007E                     i1u190_20:
   460   00007E                     
   461                           ;MCAL/Interrupt/Interrupt_Manager.c: 81:         INT1_ISR();
   462   00007E  ECC5  F003         	call	_INT1_ISR	;wreg free
   463   000082                     i1l3031:
   464                           
   465                           ;MCAL/Interrupt/Interrupt_Manager.c: 86:     if(((*((volatile uint8_t *)0xFF2) >> BIT0)&
      +                           (uint8_t)0x01)&&(((*((volatile uint8_t *)0xF81) >> 4)& (uint8_t)0x01))==1)
   466   000082  A0F2               	btfss	242,0,c	;volatile
   467   000084  EF46  F000         	goto	i1u191_21
   468   000088  EF48  F000         	goto	i1u191_20
   469   00008C                     i1u191_21:
   470   00008C  EF58  F000         	goto	i1l758
   471   000090                     i1u191_20:
   472   000090  CF81 F04C          	movff	3969,??_InterruptLow	;volatile
   473   000094  3A4C               	swapf	??_InterruptLow^0,f,c
   474   000096  0E0F               	movlw	15
   475   000098  164C               	andwf	??_InterruptLow^0,f,c
   476   00009A  A04C               	btfss	??_InterruptLow^0,0,c
   477   00009C  EF52  F000         	goto	i1u192_21
   478   0000A0  EF54  F000         	goto	i1u192_20
   479   0000A4                     i1u192_21:
   480   0000A4  EF58  F000         	goto	i1l758
   481   0000A8                     i1u192_20:
   482   0000A8                     
   483                           ;MCAL/Interrupt/Interrupt_Manager.c: 87:         RB4_ISR_High();
   484   0000A8  ECC3  F003         	call	_RB4_ISR_High	;wreg free
   485   0000AC  EF6D  F000         	goto	i1l761
   486   0000B0                     i1l758:
   487   0000B0  A0F2               	btfss	242,0,c	;volatile
   488   0000B2  EF5D  F000         	goto	i1u193_21
   489   0000B6  EF5F  F000         	goto	i1u193_20
   490   0000BA                     i1u193_21:
   491   0000BA  EF6D  F000         	goto	i1l761
   492   0000BE                     i1u193_20:
   493   0000BE  CF81 F04C          	movff	3969,??_InterruptLow	;volatile
   494   0000C2  3A4C               	swapf	??_InterruptLow^0,f,c
   495   0000C4  0E0F               	movlw	15
   496   0000C6  164C               	andwf	??_InterruptLow^0,f,c
   497   0000C8  B04C               	btfsc	??_InterruptLow^0,0,c
   498   0000CA  EF69  F000         	goto	i1u194_21
   499   0000CE  EF6B  F000         	goto	i1u194_20
   500   0000D2                     i1u194_21:
   501   0000D2  EF6D  F000         	goto	i1l761
   502   0000D6                     i1u194_20:
   503   0000D6                     
   504                           ;MCAL/Interrupt/Interrupt_Manager.c: 90:         RB4_ISR_Low();
   505   0000D6  ECC1  F003         	call	_RB4_ISR_Low	;wreg free
   506   0000DA                     i1l761:
   507   0000DA  C04F  FFE0         	movff	??_InterruptLow+3,bsr
   508   0000DE  C04E  FFE8         	movff	??_InterruptLow+2,wreg
   509   0000E2  C04D  FFD8         	movff	??_InterruptLow+1,status
   510   0000E6  9054               	bcf	int$flags,0,c	;clear compiler interrupt flag (level 1)
   511   0000E8  0010               	retfie	
   512   0000EA                     __end_of_InterruptLow:
   513                           	callstack 0
   514                           
   515 ;; *************** function _Timer2_ISR *****************
   516 ;; Defined at:
   517 ;;		line 82 in file "MCAL/Interrupt/Internal_Interrupt.c"
   518 ;; Parameters:    Size  Location     Type
   519 ;;		None
   520 ;; Auto vars:     Size  Location     Type
   521 ;;		None
   522 ;; Return value:  Size  Location     Type
   523 ;;                  1    wreg      void 
   524 ;; Registers used:
   525 ;;		status,2, status,0
   526 ;; Tracked objects:
   527 ;;		On entry : 0/0
   528 ;;		On exit  : 0/0
   529 ;;		Unchanged: 0/0
   530 ;; Data sizes:     COMRAM   BANK0   BANK1   BANK2   BANK3   BANK4   BANK5   BANK6   BANK7   BANK8   BANK9  BANK10  BANK1
      +1  BANK12  BANK13  BANK14  BANK15
   531 ;;      Params:         0       0       0       0       0       0       0       0       0       0       0       0       
      +0       0       0       0       0
   532 ;;      Locals:         0       0       0       0       0       0       0       0       0       0       0       0       
      +0       0       0       0       0
   533 ;;      Temps:          0       0       0       0       0       0       0       0       0       0       0       0       
      +0       0       0       0       0
   534 ;;      Totals:         0       0       0       0       0       0       0       0       0       0       0       0       
      +0       0       0       0       0
   535 ;;Total ram usage:        0 bytes
   536 ;; Hardware stack levels used: 1
   537 ;; Hardware stack levels required when called: 5
   538 ;; This function calls:
   539 ;;		Nothing
   540 ;; This function is called by:
   541 ;;		_InterruptLow
   542 ;; This function uses a non-reentrant model
   543 ;;
   544                           
   545                           	psect	text2
   546   00076E                     __ptext2:
   547                           	callstack 0
   548   00076E                     _Timer2_ISR:
   549                           	callstack 24
   550   00076E                     
   551                           ;MCAL/Interrupt/Internal_Interrupt.c: 83:    ((*((volatile uint8_t *)0xF9E) &= ~((uint8_
      +                          t)0x01 << 1)));
   552   00076E  929E               	bcf	158,1,c	;volatile
   553   000770                     
   554                           ;MCAL/Interrupt/Internal_Interrupt.c: 85:    *((volatile uint8_t *)0xFCC)=Timer2_Preload
      +                          ;
   555   000770  C034  FFCC         	movff	_Timer2_Preload,4044	;volatile
   556   000774  0012               	return		;funcret
   557   000776                     __end_of_Timer2_ISR:
   558                           	callstack 0
   559                           
   560 ;; *************** function _Timer1_ISR *****************
   561 ;; Defined at:
   562 ;;		line 73 in file "MCAL/Interrupt/Internal_Interrupt.c"
   563 ;; Parameters:    Size  Location     Type
   564 ;;		None
   565 ;; Auto vars:     Size  Location     Type
   566 ;;		None
   567 ;; Return value:  Size  Location     Type
   568 ;;                  1    wreg      void 
   569 ;; Registers used:
   570 ;;		wreg, status,2, status,0
   571 ;; Tracked objects:
   572 ;;		On entry : 0/0
   573 ;;		On exit  : 0/0
   574 ;;		Unchanged: 0/0
   575 ;; Data sizes:     COMRAM   BANK0   BANK1   BANK2   BANK3   BANK4   BANK5   BANK6   BANK7   BANK8   BANK9  BANK10  BANK1
      +1  BANK12  BANK13  BANK14  BANK15
   576 ;;      Params:         0       0       0       0       0       0       0       0       0       0       0       0       
      +0       0       0       0       0
   577 ;;      Locals:         0       0       0       0       0       0       0       0       0       0       0       0       
      +0       0       0       0       0
   578 ;;      Temps:          0       0       0       0       0       0       0       0       0       0       0       0       
      +0       0       0       0       0
   579 ;;      Totals:         0       0       0       0       0       0       0       0       0       0       0       0       
      +0       0       0       0       0
   580 ;;Total ram usage:        0 bytes
   581 ;; Hardware stack levels used: 1
   582 ;; Hardware stack levels required when called: 5
   583 ;; This function calls:
   584 ;;		Nothing
   585 ;; This function is called by:
   586 ;;		_InterruptLow
   587 ;; This function uses a non-reentrant model
   588 ;;
   589                           
   590                           	psect	text3
   591   000736                     __ptext3:
   592                           	callstack 0
   593   000736                     _Timer1_ISR:
   594                           	callstack 24
   595   000736                     
   596                           ;MCAL/Interrupt/Internal_Interrupt.c: 74:    ((*((volatile uint8_t *)0xF9E) &= ~((uint8_
      +                          t)0x01 << 0)));
   597   000736  909E               	bcf	158,0,c	;volatile
   598   000738                     
   599                           ;MCAL/Interrupt/Internal_Interrupt.c: 76:    *((volatile uint8_t *)0xFCF)=(Timer1_Preloa
      +                          d)>>8;
   600   000738  5008               	movf	(_Timer1_Preload+1)^0,w,c
   601   00073A  6ECF               	movwf	207,c	;volatile
   602   00073C                     
   603                           ;MCAL/Interrupt/Internal_Interrupt.c: 77:    *((volatile uint8_t *)0xFCE)=(uint8_t)(Time
      +                          r1_Preload);
   604   00073C  C007  FFCE         	movff	_Timer1_Preload,4046	;volatile
   605   000740  0012               	return		;funcret
   606   000742                     __end_of_Timer1_ISR:
   607                           	callstack 0
   608                           
   609 ;; *************** function _Timer0_ISR *****************
   610 ;; Defined at:
   611 ;;		line 63 in file "MCAL/Interrupt/Internal_Interrupt.c"
   612 ;; Parameters:    Size  Location     Type
   613 ;;		None
   614 ;; Auto vars:     Size  Location     Type
   615 ;;		None
   616 ;; Return value:  Size  Location     Type
   617 ;;                  1    wreg      void 
   618 ;; Registers used:
   619 ;;		wreg, status,2, status,0
   620 ;; Tracked objects:
   621 ;;		On entry : 0/0
   622 ;;		On exit  : 0/0
   623 ;;		Unchanged: 0/0
   624 ;; Data sizes:     COMRAM   BANK0   BANK1   BANK2   BANK3   BANK4   BANK5   BANK6   BANK7   BANK8   BANK9  BANK10  BANK1
      +1  BANK12  BANK13  BANK14  BANK15
   625 ;;      Params:         0       0       0       0       0       0       0       0       0       0       0       0       
      +0       0       0       0       0
   626 ;;      Locals:         0       0       0       0       0       0       0       0       0       0       0       0       
      +0       0       0       0       0
   627 ;;      Temps:          0       0       0       0       0       0       0       0       0       0       0       0       
      +0       0       0       0       0
   628 ;;      Totals:         0       0       0       0       0       0       0       0       0       0       0       0       
      +0       0       0       0       0
   629 ;;Total ram usage:        0 bytes
   630 ;; Hardware stack levels used: 1
   631 ;; Hardware stack levels required when called: 5
   632 ;; This function calls:
   633 ;;		Nothing
   634 ;; This function is called by:
   635 ;;		_InterruptLow
   636 ;; This function uses a non-reentrant model
   637 ;;
   638                           
   639                           	psect	text4
   640   000742                     __ptext4:
   641                           	callstack 0
   642   000742                     _Timer0_ISR:
   643                           	callstack 24
   644   000742                     
   645                           ;MCAL/Interrupt/Internal_Interrupt.c: 64:    ((*((volatile uint8_t *)0xFF2) &= ~((uint8_
      +                          t)0x01 << 2)));
   646   000742  94F2               	bcf	242,2,c	;volatile
   647   000744                     
   648                           ;MCAL/Interrupt/Internal_Interrupt.c: 67:    *((volatile uint8_t *)0xFD7)=(Timer0_Preloa
      +                          d)>>8;
   649   000744  500A               	movf	(_Timer0_Preload+1)^0,w,c
   650   000746  6ED7               	movwf	215,c	;volatile
   651   000748                     
   652                           ;MCAL/Interrupt/Internal_Interrupt.c: 68:    *((volatile uint8_t *)0xFD6)=(uint8_t)(Time
      +                          r0_Preload);
   653   000748  C009  FFD6         	movff	_Timer0_Preload,4054	;volatile
   654   00074C  0012               	return		;funcret
   655   00074E                     __end_of_Timer0_ISR:
   656                           	callstack 0
   657                           
   658 ;; *************** function _RB4_ISR_Low *****************
   659 ;; Defined at:
   660 ;;		line 345 in file "MCAL/Interrupt/External_Interrupt.c"
   661 ;; Parameters:    Size  Location     Type
   662 ;;		None
   663 ;; Auto vars:     Size  Location     Type
   664 ;;		None
   665 ;; Return value:  Size  Location     Type
   666 ;;                  1    wreg      void 
   667 ;; Registers used:
   668 ;;		status,2, status,0
   669 ;; Tracked objects:
   670 ;;		On entry : 0/0
   671 ;;		On exit  : 0/0
   672 ;;		Unchanged: 0/0
   673 ;; Data sizes:     COMRAM   BANK0   BANK1   BANK2   BANK3   BANK4   BANK5   BANK6   BANK7   BANK8   BANK9  BANK10  BANK1
      +1  BANK12  BANK13  BANK14  BANK15
   674 ;;      Params:         0       0       0       0       0       0       0       0       0       0       0       0       
      +0       0       0       0       0
   675 ;;      Locals:         0       0       0       0       0       0       0       0       0       0       0       0       
      +0       0       0       0       0
   676 ;;      Temps:          0       0       0       0       0       0       0       0       0       0       0       0       
      +0       0       0       0       0
   677 ;;      Totals:         0       0       0       0       0       0       0       0       0       0       0       0       
      +0       0       0       0       0
   678 ;;Total ram usage:        0 bytes
   679 ;; Hardware stack levels used: 1
   680 ;; Hardware stack levels required when called: 5
   681 ;; This function calls:
   682 ;;		Nothing
   683 ;; This function is called by:
   684 ;;		_InterruptLow
   685 ;; This function uses a non-reentrant model
   686 ;;
   687                           
   688                           	psect	text5
   689   000782                     __ptext5:
   690                           	callstack 0
   691   000782                     _RB4_ISR_Low:
   692                           	callstack 24
   693   000782                     
   694                           ;MCAL/Interrupt/External_Interrupt.c: 346:     (*((volatile uint8_t *)0xFF2) &= ~((uint8
      +                          _t)0x01 << BIT0));
   695   000782  90F2               	bcf	242,0,c	;volatile
   696   000784  0012               	return		;funcret
   697   000786                     __end_of_RB4_ISR_Low:
   698                           	callstack 0
   699                           
   700 ;; *************** function _RB4_ISR_High *****************
   701 ;; Defined at:
   702 ;;		line 339 in file "MCAL/Interrupt/External_Interrupt.c"
   703 ;; Parameters:    Size  Location     Type
   704 ;;		None
   705 ;; Auto vars:     Size  Location     Type
   706 ;;		None
   707 ;; Return value:  Size  Location     Type
   708 ;;                  1    wreg      void 
   709 ;; Registers used:
   710 ;;		status,2, status,0
   711 ;; Tracked objects:
   712 ;;		On entry : 0/0
   713 ;;		On exit  : 0/0
   714 ;;		Unchanged: 0/0
   715 ;; Data sizes:     COMRAM   BANK0   BANK1   BANK2   BANK3   BANK4   BANK5   BANK6   BANK7   BANK8   BANK9  BANK10  BANK1
      +1  BANK12  BANK13  BANK14  BANK15
   716 ;;      Params:         0       0       0       0       0       0       0       0       0       0       0       0       
      +0       0       0       0       0
   717 ;;      Locals:         0       0       0       0       0       0       0       0       0       0       0       0       
      +0       0       0       0       0
   718 ;;      Temps:          0       0       0       0       0       0       0       0       0       0       0       0       
      +0       0       0       0       0
   719 ;;      Totals:         0       0       0       0       0       0       0       0       0       0       0       0       
      +0       0       0       0       0
   720 ;;Total ram usage:        0 bytes
   721 ;; Hardware stack levels used: 1
   722 ;; Hardware stack levels required when called: 5
   723 ;; This function calls:
   724 ;;		Nothing
   725 ;; This function is called by:
   726 ;;		_InterruptLow
   727 ;; This function uses a non-reentrant model
   728 ;;
   729                           
   730                           	psect	text6
   731   000786                     __ptext6:
   732                           	callstack 0
   733   000786                     _RB4_ISR_High:
   734                           	callstack 24
   735   000786                     
   736                           ;MCAL/Interrupt/External_Interrupt.c: 340:     (*((volatile uint8_t *)0xFF2) &= ~((uint8
      +                          _t)0x01 << BIT0));
   737   000786  90F2               	bcf	242,0,c	;volatile
   738   000788  0012               	return		;funcret
   739   00078A                     __end_of_RB4_ISR_High:
   740                           	callstack 0
   741                           
   742 ;; *************** function _INT1_ISR *****************
   743 ;; Defined at:
   744 ;;		line 221 in file "MCAL/Interrupt/External_Interrupt.c"
   745 ;; Parameters:    Size  Location     Type
   746 ;;		None
   747 ;; Auto vars:     Size  Location     Type
   748 ;;		None
   749 ;; Return value:  Size  Location     Type
   750 ;;                  1    wreg      void 
   751 ;; Registers used:
   752 ;;		status,2, status,0
   753 ;; Tracked objects:
   754 ;;		On entry : 0/0
   755 ;;		On exit  : 0/0
   756 ;;		Unchanged: 0/0
   757 ;; Data sizes:     COMRAM   BANK0   BANK1   BANK2   BANK3   BANK4   BANK5   BANK6   BANK7   BANK8   BANK9  BANK10  BANK1
      +1  BANK12  BANK13  BANK14  BANK15
   758 ;;      Params:         0       0       0       0       0       0       0       0       0       0       0       0       
      +0       0       0       0       0
   759 ;;      Locals:         0       0       0       0       0       0       0       0       0       0       0       0       
      +0       0       0       0       0
   760 ;;      Temps:          0       0       0       0       0       0       0       0       0       0       0       0       
      +0       0       0       0       0
   761 ;;      Totals:         0       0       0       0       0       0       0       0       0       0       0       0       
      +0       0       0       0       0
   762 ;;Total ram usage:        0 bytes
   763 ;; Hardware stack levels used: 1
   764 ;; Hardware stack levels required when called: 5
   765 ;; This function calls:
   766 ;;		Nothing
   767 ;; This function is called by:
   768 ;;		_InterruptLow
   769 ;; This function uses a non-reentrant model
   770 ;;
   771                           
   772                           	psect	text7
   773   00078A                     __ptext7:
   774                           	callstack 0
   775   00078A                     _INT1_ISR:
   776                           	callstack 24
   777   00078A                     
   778                           ;MCAL/Interrupt/External_Interrupt.c: 222:     (*((volatile uint8_t *)0xFF0) &= ~((uint8
      +                          _t)0x01 << BIT0));
   779   00078A  90F0               	bcf	240,0,c	;volatile
   780   00078C  0012               	return		;funcret
   781   00078E                     __end_of_INT1_ISR:
   782                           	callstack 0
   783                           
   784 ;; *************** function _InterruptHigh *****************
   785 ;; Defined at:
   786 ;;		line 13 in file "MCAL/Interrupt/Interrupt_Manager.c"
   787 ;; Parameters:    Size  Location     Type
   788 ;;		None
   789 ;; Auto vars:     Size  Location     Type
   790 ;;		None
   791 ;; Return value:  Size  Location     Type
   792 ;;                  1    wreg      void 
   793 ;; Registers used:
   794 ;;		wreg, fsr2l, fsr2h, status,2, status,0, pcl, pclath, pclatu, tosl, cstack
   795 ;; Tracked objects:
   796 ;;		On entry : 0/0
   797 ;;		On exit  : 0/0
   798 ;;		Unchanged: 0/0
   799 ;; Data sizes:     COMRAM   BANK0   BANK1   BANK2   BANK3   BANK4   BANK5   BANK6   BANK7   BANK8   BANK9  BANK10  BANK1
      +1  BANK12  BANK13  BANK14  BANK15
   800 ;;      Params:         0       0       0       0       0       0       0       0       0       0       0       0       
      +0       0       0       0       0
   801 ;;      Locals:         0       0       0       0       0       0       0       0       0       0       0       0       
      +0       0       0       0       0
   802 ;;      Temps:          6       0       0       0       0       0       0       0       0       0       0       0       
      +0       0       0       0       0
   803 ;;      Totals:         6       0       0       0       0       0       0       0       0       0       0       0       
      +0       0       0       0       0
   804 ;;Total ram usage:        6 bytes
   805 ;; Hardware stack levels used: 1
   806 ;; Hardware stack levels required when called: 4
   807 ;; This function calls:
   808 ;;		_ADC_ISR
   809 ;;		_EUSART_RX_ISR
   810 ;;		_EUSART_TX_ISR
   811 ;;		_INT0_ISR
   812 ;;		_INT2_ISR
   813 ;;		_RB5_ISR_High
   814 ;;		_RB5_ISR_Low
   815 ;;		_RB6_ISR_High
   816 ;;		_RB6_ISR_Low
   817 ;;		_RB7_ISR_High
   818 ;;		_RB7_ISR_Low
   819 ;;		i2_Timer0_ISR
   820 ;;		i2_Timer1_ISR
   821 ;;		i2_Timer2_ISR
   822 ;; This function is called by:
   823 ;;		Interrupt level 2
   824 ;; This function uses a non-reentrant model
   825 ;;
   826                           
   827                           	psect	intcode
   828   000008                     __pintcode:
   829                           	callstack 0
   830   000008                     _InterruptHigh:
   831                           	callstack 24
   832                           
   833                           ;incstack = 0
   834   000008  8254               	bsf	int$flags,1,c	;set compiler interrupt flag (level 2)
   835   00000A  ED9E  F001         	call	int_func,f	;refresh shadow registers
   836                           
   837                           	psect	intcode_body
   838   00033C                     __pintcode_body:
   839                           	callstack 24
   840   00033C                     int_func:
   841                           	callstack 24
   842   00033C  0006               	pop		; remove dummy address from shadow register refresh
   843   00033E  CFFA F048          	movff	pclath,??_InterruptHigh+2
   844   000342  CFFB F049          	movff	pclatu,??_InterruptHigh+3
   845   000346  CFD9 F04A          	movff	fsr2l,??_InterruptHigh+4
   846   00034A  CFDA F04B          	movff	fsr2h,??_InterruptHigh+5
   847   00034E                     
   848                           ;MCAL/Interrupt/Interrupt_Manager.c: 15:     if(((*((volatile uint8_t *)0xF9E) >> BIT1)&
      +                           (uint8_t)0x01))
   849   00034E  CF9E F046          	movff	3998,??_InterruptHigh	;volatile
   850   000352  90D8               	bcf	status,0,c
   851   000354  3246               	rrcf	??_InterruptHigh^0,f,c
   852   000356  A046               	btfss	??_InterruptHigh^0,0,c
   853   000358  EFB0  F001         	goto	i2u274_41
   854   00035C  EFB2  F001         	goto	i2u274_40
   855   000360                     i2u274_41:
   856   000360  EFB4  F001         	goto	i2l3617
   857   000364                     i2u274_40:
   858   000364                     
   859                           ;MCAL/Interrupt/Interrupt_Manager.c: 16:         Timer2_ISR();
   860   000364  ECBB  F003         	call	i2_Timer2_ISR	;wreg free
   861   000368                     i2l3617:
   862                           
   863                           ;MCAL/Interrupt/Interrupt_Manager.c: 19:     if(((*((volatile uint8_t *)0xF9E) >> BIT0)&
      +                           (uint8_t)0x01))
   864   000368  A09E               	btfss	158,0,c	;volatile
   865   00036A  EFB9  F001         	goto	i2u275_41
   866   00036E  EFBB  F001         	goto	i2u275_40
   867   000372                     i2u275_41:
   868   000372  EFBD  F001         	goto	i2l3621
   869   000376                     i2u275_40:
   870   000376                     
   871                           ;MCAL/Interrupt/Interrupt_Manager.c: 20:         Timer1_ISR();
   872   000376  ECA7  F003         	call	i2_Timer1_ISR	;wreg free
   873   00037A                     i2l3621:
   874                           
   875                           ;MCAL/Interrupt/Interrupt_Manager.c: 22:     if(((*((volatile uint8_t *)0xFF2) >> BIT2)&
      +                           (uint8_t)0x01))
   876   00037A  CFF2 F046          	movff	4082,??_InterruptHigh	;volatile
   877   00037E  90D8               	bcf	status,0,c
   878   000380  3246               	rrcf	??_InterruptHigh^0,f,c
   879   000382  90D8               	bcf	status,0,c
   880   000384  3246               	rrcf	??_InterruptHigh^0,f,c
   881   000386  A046               	btfss	??_InterruptHigh^0,0,c
   882   000388  EFC8  F001         	goto	i2u276_41
   883   00038C  EFCA  F001         	goto	i2u276_40
   884   000390                     i2u276_41:
   885   000390  EFCC  F001         	goto	i2l3625
   886   000394                     i2u276_40:
   887   000394                     
   888                           ;MCAL/Interrupt/Interrupt_Manager.c: 23:         Timer0_ISR();
   889   000394  ECAD  F003         	call	i2_Timer0_ISR	;wreg free
   890   000398                     i2l3625:
   891                           
   892                           ;MCAL/Interrupt/Interrupt_Manager.c: 25:     if(((*((volatile uint8_t *)0xFF2) >> BIT1)&
      +                           (uint8_t)0x01))
   893   000398  CFF2 F046          	movff	4082,??_InterruptHigh	;volatile
   894   00039C  90D8               	bcf	status,0,c
   895   00039E  3246               	rrcf	??_InterruptHigh^0,f,c
   896   0003A0  A046               	btfss	??_InterruptHigh^0,0,c
   897   0003A2  EFD5  F001         	goto	i2u277_41
   898   0003A6  EFD7  F001         	goto	i2u277_40
   899   0003AA                     i2u277_41:
   900   0003AA  EFD9  F001         	goto	i2l3629
   901   0003AE                     i2u277_40:
   902   0003AE                     
   903                           ;MCAL/Interrupt/Interrupt_Manager.c: 26:         INT0_ISR();
   904   0003AE  ECD5  F003         	call	_INT0_ISR	;wreg free
   905   0003B2                     i2l3629:
   906                           
   907                           ;MCAL/Interrupt/Interrupt_Manager.c: 29:     if(((*((volatile uint8_t *)0xFF0) >> BIT1)&
      +                           (uint8_t)0x01))
   908   0003B2  CFF0 F046          	movff	4080,??_InterruptHigh	;volatile
   909   0003B6  90D8               	bcf	status,0,c
   910   0003B8  3246               	rrcf	??_InterruptHigh^0,f,c
   911   0003BA  A046               	btfss	??_InterruptHigh^0,0,c
   912   0003BC  EFE2  F001         	goto	i2u278_41
   913   0003C0  EFE4  F001         	goto	i2u278_40
   914   0003C4                     i2u278_41:
   915   0003C4  EFE6  F001         	goto	i2l3633
   916   0003C8                     i2u278_40:
   917   0003C8                     
   918                           ;MCAL/Interrupt/Interrupt_Manager.c: 30:         INT2_ISR();
   919   0003C8  ECD3  F003         	call	_INT2_ISR	;wreg free
   920   0003CC                     i2l3633:
   921                           
   922                           ;MCAL/Interrupt/Interrupt_Manager.c: 32:     if(((*((volatile uint8_t *)0xF9E) >> BIT6)&
      +                           (uint8_t)0x01))
   923   0003CC  CF9E F046          	movff	3998,??_InterruptHigh	;volatile
   924   0003D0  0E06               	movlw	6
   925   0003D2  6E47               	movwf	(??_InterruptHigh+1)^0,c
   926   0003D4                     i2u279_45:
   927   0003D4  90D8               	bcf	status,0,c
   928   0003D6  3246               	rrcf	??_InterruptHigh^0,f,c
   929   0003D8  2E47               	decfsz	(??_InterruptHigh+1)^0,f,c
   930   0003DA  EFEA  F001         	goto	i2u279_45
   931   0003DE  A046               	btfss	??_InterruptHigh^0,0,c
   932   0003E0  EFF4  F001         	goto	i2u280_41
   933   0003E4  EFF6  F001         	goto	i2u280_40
   934   0003E8                     i2u280_41:
   935   0003E8  EFF8  F001         	goto	i2l3637
   936   0003EC                     i2u280_40:
   937   0003EC                     
   938                           ;MCAL/Interrupt/Interrupt_Manager.c: 33:         ADC_ISR();
   939   0003EC  ECD9  F003         	call	_ADC_ISR	;wreg free
   940   0003F0                     i2l3637:
   941                           
   942                           ;MCAL/Interrupt/Interrupt_Manager.c: 41:     if(((*((volatile uint8_t *)0xFF2) >> BIT0)&
      +                           (uint8_t)0x01)&&(((*((volatile uint8_t *)0xF81) >> 5)& (uint8_t)0x01))==1)
   943   0003F0  A0F2               	btfss	242,0,c	;volatile
   944   0003F2  EFFD  F001         	goto	i2u281_41
   945   0003F6  EFFF  F001         	goto	i2u281_40
   946   0003FA                     i2u281_41:
   947   0003FA  EF13  F002         	goto	i2l736
   948   0003FE                     i2u281_40:
   949   0003FE  CF81 F046          	movff	3969,??_InterruptHigh	;volatile
   950   000402  0E05               	movlw	5
   951   000404  6E47               	movwf	(??_InterruptHigh+1)^0,c
   952   000406                     i2u282_45:
   953   000406  90D8               	bcf	status,0,c
   954   000408  3246               	rrcf	??_InterruptHigh^0,f,c
   955   00040A  2E47               	decfsz	(??_InterruptHigh+1)^0,f,c
   956   00040C  EF03  F002         	goto	i2u282_45
   957   000410  A046               	btfss	??_InterruptHigh^0,0,c
   958   000412  EF0D  F002         	goto	i2u283_41
   959   000416  EF0F  F002         	goto	i2u283_40
   960   00041A                     i2u283_41:
   961   00041A  EF13  F002         	goto	i2l736
   962   00041E                     i2u283_40:
   963   00041E                     
   964                           ;MCAL/Interrupt/Interrupt_Manager.c: 42:         RB5_ISR_High();
   965   00041E  ECD1  F003         	call	_RB5_ISR_High	;wreg free
   966   000422  EF2C  F002         	goto	i2l3647
   967   000426                     i2l736:
   968   000426  A0F2               	btfss	242,0,c	;volatile
   969   000428  EF18  F002         	goto	i2u284_41
   970   00042C  EF1A  F002         	goto	i2u284_40
   971   000430                     i2u284_41:
   972   000430  EF2C  F002         	goto	i2l3647
   973   000434                     i2u284_40:
   974   000434  CF81 F046          	movff	3969,??_InterruptHigh	;volatile
   975   000438  0E05               	movlw	5
   976   00043A  6E47               	movwf	(??_InterruptHigh+1)^0,c
   977   00043C                     i2u285_45:
   978   00043C  90D8               	bcf	status,0,c
   979   00043E  3246               	rrcf	??_InterruptHigh^0,f,c
   980   000440  2E47               	decfsz	(??_InterruptHigh+1)^0,f,c
   981   000442  EF1E  F002         	goto	i2u285_45
   982   000446  B046               	btfsc	??_InterruptHigh^0,0,c
   983   000448  EF28  F002         	goto	i2u286_41
   984   00044C  EF2A  F002         	goto	i2u286_40
   985   000450                     i2u286_41:
   986   000450  EF2C  F002         	goto	i2l3647
   987   000454                     i2u286_40:
   988   000454                     
   989                           ;MCAL/Interrupt/Interrupt_Manager.c: 45:         RB5_ISR_Low();
   990   000454  ECCF  F003         	call	_RB5_ISR_Low	;wreg free
   991   000458                     i2l3647:
   992                           
   993                           ;MCAL/Interrupt/Interrupt_Manager.c: 47:     if(((*((volatile uint8_t *)0xFF2) >> BIT0)&
      +                           (uint8_t)0x01)&&(((*((volatile uint8_t *)0xF81) >> 6)& (uint8_t)0x01))==1)
   994   000458  A0F2               	btfss	242,0,c	;volatile
   995   00045A  EF31  F002         	goto	i2u287_41
   996   00045E  EF33  F002         	goto	i2u287_40
   997   000462                     i2u287_41:
   998   000462  EF47  F002         	goto	i2l739
   999   000466                     i2u287_40:
  1000   000466  CF81 F046          	movff	3969,??_InterruptHigh	;volatile
  1001   00046A  0E06               	movlw	6
  1002   00046C  6E47               	movwf	(??_InterruptHigh+1)^0,c
  1003   00046E                     i2u288_45:
  1004   00046E  90D8               	bcf	status,0,c
  1005   000470  3246               	rrcf	??_InterruptHigh^0,f,c
  1006   000472  2E47               	decfsz	(??_InterruptHigh+1)^0,f,c
  1007   000474  EF37  F002         	goto	i2u288_45
  1008   000478  A046               	btfss	??_InterruptHigh^0,0,c
  1009   00047A  EF41  F002         	goto	i2u289_41
  1010   00047E  EF43  F002         	goto	i2u289_40
  1011   000482                     i2u289_41:
  1012   000482  EF47  F002         	goto	i2l739
  1013   000486                     i2u289_40:
  1014   000486                     
  1015                           ;MCAL/Interrupt/Interrupt_Manager.c: 48:         RB6_ISR_High();
  1016   000486  ECCD  F003         	call	_RB6_ISR_High	;wreg free
  1017   00048A  EF60  F002         	goto	i2l3657
  1018   00048E                     i2l739:
  1019   00048E  A0F2               	btfss	242,0,c	;volatile
  1020   000490  EF4C  F002         	goto	i2u290_41
  1021   000494  EF4E  F002         	goto	i2u290_40
  1022   000498                     i2u290_41:
  1023   000498  EF60  F002         	goto	i2l3657
  1024   00049C                     i2u290_40:
  1025   00049C  CF81 F046          	movff	3969,??_InterruptHigh	;volatile
  1026   0004A0  0E06               	movlw	6
  1027   0004A2  6E47               	movwf	(??_InterruptHigh+1)^0,c
  1028   0004A4                     i2u291_45:
  1029   0004A4  90D8               	bcf	status,0,c
  1030   0004A6  3246               	rrcf	??_InterruptHigh^0,f,c
  1031   0004A8  2E47               	decfsz	(??_InterruptHigh+1)^0,f,c
  1032   0004AA  EF52  F002         	goto	i2u291_45
  1033   0004AE  B046               	btfsc	??_InterruptHigh^0,0,c
  1034   0004B0  EF5C  F002         	goto	i2u292_41
  1035   0004B4  EF5E  F002         	goto	i2u292_40
  1036   0004B8                     i2u292_41:
  1037   0004B8  EF60  F002         	goto	i2l3657
  1038   0004BC                     i2u292_40:
  1039   0004BC                     
  1040                           ;MCAL/Interrupt/Interrupt_Manager.c: 51:         RB6_ISR_Low();
  1041   0004BC  ECCB  F003         	call	_RB6_ISR_Low	;wreg free
  1042   0004C0                     i2l3657:
  1043                           
  1044                           ;MCAL/Interrupt/Interrupt_Manager.c: 53:     if(((*((volatile uint8_t *)0xFF2) >> BIT0)&
      +                           (uint8_t)0x01)&&(((*((volatile uint8_t *)0xF81) >> 7)& (uint8_t)0x01))==1)
  1045   0004C0  A0F2               	btfss	242,0,c	;volatile
  1046   0004C2  EF65  F002         	goto	i2u293_41
  1047   0004C6  EF67  F002         	goto	i2u293_40
  1048   0004CA                     i2u293_41:
  1049   0004CA  EF76  F002         	goto	i2l742
  1050   0004CE                     i2u293_40:
  1051   0004CE  6A46               	clrf	??_InterruptHigh^0,c
  1052   0004D0  AE81               	btfss	129,7,c	;volatile
  1053   0004D2  D001               	bra	i2u294_45
  1054   0004D4  2A46               	incf	??_InterruptHigh^0,f,c
  1055   0004D6                     i2u294_45:
  1056   0004D6  A046               	btfss	??_InterruptHigh^0,0,c
  1057   0004D8  EF70  F002         	goto	i2u295_41
  1058   0004DC  EF72  F002         	goto	i2u295_40
  1059   0004E0                     i2u295_41:
  1060   0004E0  EF76  F002         	goto	i2l742
  1061   0004E4                     i2u295_40:
  1062   0004E4                     
  1063                           ;MCAL/Interrupt/Interrupt_Manager.c: 54:         RB7_ISR_High();
  1064   0004E4  ECC9  F003         	call	_RB7_ISR_High	;wreg free
  1065   0004E8  EFB0  F002         	goto	i2l749
  1066   0004EC                     i2l742:
  1067   0004EC  A0F2               	btfss	242,0,c	;volatile
  1068   0004EE  EF7B  F002         	goto	i2u296_41
  1069   0004F2  EF7D  F002         	goto	i2u296_40
  1070   0004F6                     i2u296_41:
  1071   0004F6  EF8C  F002         	goto	i2l3667
  1072   0004FA                     i2u296_40:
  1073   0004FA  6A46               	clrf	??_InterruptHigh^0,c
  1074   0004FC  AE81               	btfss	129,7,c	;volatile
  1075   0004FE  D001               	bra	i2u297_45
  1076   000500  2A46               	incf	??_InterruptHigh^0,f,c
  1077   000502                     i2u297_45:
  1078   000502  B046               	btfsc	??_InterruptHigh^0,0,c
  1079   000504  EF86  F002         	goto	i2u298_41
  1080   000508  EF88  F002         	goto	i2u298_40
  1081   00050C                     i2u298_41:
  1082   00050C  EF8C  F002         	goto	i2l3667
  1083   000510                     i2u298_40:
  1084   000510                     
  1085                           ;MCAL/Interrupt/Interrupt_Manager.c: 57:         RB7_ISR_Low();
  1086   000510  ECC7  F003         	call	_RB7_ISR_Low	;wreg free
  1087   000514  EFB0  F002         	goto	i2l749
  1088   000518                     i2l3667:
  1089   000518  CF9D F046          	movff	3997,??_InterruptHigh	;volatile
  1090   00051C  3A46               	swapf	??_InterruptHigh^0,f,c
  1091   00051E  0E0F               	movlw	15
  1092   000520  1646               	andwf	??_InterruptHigh^0,f,c
  1093   000522  A046               	btfss	??_InterruptHigh^0,0,c
  1094   000524  EF96  F002         	goto	i2u299_41
  1095   000528  EF98  F002         	goto	i2u299_40
  1096   00052C                     i2u299_41:
  1097   00052C  EF9C  F002         	goto	i2l3671
  1098   000530                     i2u299_40:
  1099   000530                     
  1100                           ;MCAL/Interrupt/Interrupt_Manager.c: 61:         EUSART_TX_ISR();
  1101   000530  ECD7  F003         	call	_EUSART_TX_ISR	;wreg free
  1102   000534  EFB0  F002         	goto	i2l749
  1103   000538                     i2l3671:
  1104   000538  CF9D F046          	movff	3997,??_InterruptHigh	;volatile
  1105   00053C  0E05               	movlw	5
  1106   00053E  6E47               	movwf	(??_InterruptHigh+1)^0,c
  1107   000540                     i2u300_45:
  1108   000540  90D8               	bcf	status,0,c
  1109   000542  3246               	rrcf	??_InterruptHigh^0,f,c
  1110   000544  2E47               	decfsz	(??_InterruptHigh+1)^0,f,c
  1111   000546  EFA0  F002         	goto	i2u300_45
  1112   00054A  A046               	btfss	??_InterruptHigh^0,0,c
  1113   00054C  EFAA  F002         	goto	i2u301_41
  1114   000550  EFAC  F002         	goto	i2u301_40
  1115   000554                     i2u301_41:
  1116   000554  EFB0  F002         	goto	i2l745
  1117   000558                     i2u301_40:
  1118   000558                     
  1119                           ;MCAL/Interrupt/Interrupt_Manager.c: 63:         EUSART_RX_ISR();
  1120   000558  EC52  F003         	call	_EUSART_RX_ISR	;wreg free
  1121   00055C  EFB0  F002         	goto	i2l749
  1122   000560                     i2l745:
  1123   000560                     i2l749:
  1124   000560  C04B  FFDA         	movff	??_InterruptHigh+5,fsr2h
  1125   000564  C04A  FFD9         	movff	??_InterruptHigh+4,fsr2l
  1126   000568  C049  FFFB         	movff	??_InterruptHigh+3,pclatu
  1127   00056C  C048  FFFA         	movff	??_InterruptHigh+2,pclath
  1128   000570  9254               	bcf	int$flags,1,c	;clear compiler interrupt flag (level 2)
  1129   000572  0011               	retfie		f
  1130   000574                     __end_of_InterruptHigh:
  1131                           	callstack 0
  1132                           
  1133 ;; *************** function i2_Timer2_ISR *****************
  1134 ;; Defined at:
  1135 ;;		line 82 in file "MCAL/Interrupt/Internal_Interrupt.c"
  1136 ;; Parameters:    Size  Location     Type
  1137 ;;		None
  1138 ;; Auto vars:     Size  Location     Type
  1139 ;;		None
  1140 ;; Return value:  Size  Location     Type
  1141 ;;                  1    wreg      void 
  1142 ;; Registers used:
  1143 ;;		status,2, status,0
  1144 ;; Tracked objects:
  1145 ;;		On entry : 0/0
  1146 ;;		On exit  : 0/0
  1147 ;;		Unchanged: 0/0
  1148 ;; Data sizes:     COMRAM   BANK0   BANK1   BANK2   BANK3   BANK4   BANK5   BANK6   BANK7   BANK8   BANK9  BANK10  BANK1
      +1  BANK12  BANK13  BANK14  BANK15
  1149 ;;      Params:         0       0       0       0       0       0       0       0       0       0       0       0       
      +0       0       0       0       0
  1150 ;;      Locals:         0       0       0       0       0       0       0       0       0       0       0       0       
      +0       0       0       0       0
  1151 ;;      Temps:          0       0       0       0       0       0       0       0       0       0       0       0       
      +0       0       0       0       0
  1152 ;;      Totals:         0       0       0       0       0       0       0       0       0       0       0       0       
      +0       0       0       0       0
  1153 ;;Total ram usage:        0 bytes
  1154 ;; Hardware stack levels used: 1
  1155 ;; This function calls:
  1156 ;;		Nothing
  1157 ;; This function is called by:
  1158 ;;		_InterruptHigh
  1159 ;; This function uses a non-reentrant model
  1160 ;;
  1161                           
  1162                           	psect	text9
  1163   000776                     __ptext9:
  1164                           	callstack 0
  1165   000776                     i2_Timer2_ISR:
  1166                           	callstack 27
  1167   000776                     
  1168                           ;MCAL/Interrupt/Internal_Interrupt.c: 83:    ((*((volatile uint8_t *)0xF9E) &= ~((uint8_
      +                          t)0x01 << 1)));
  1169   000776  929E               	bcf	158,1,c	;volatile
  1170   000778                     
  1171                           ;MCAL/Interrupt/Internal_Interrupt.c: 85:    *((volatile uint8_t *)0xFCC)=Timer2_Preload
      +                          ;
  1172   000778  C034  FFCC         	movff	_Timer2_Preload,4044	;volatile
  1173   00077C  0012               	return		;funcret
  1174   00077E                     __end_ofi2_Timer2_ISR:
  1175                           	callstack 0
  1176                           
  1177 ;; *************** function i2_Timer1_ISR *****************
  1178 ;; Defined at:
  1179 ;;		line 73 in file "MCAL/Interrupt/Internal_Interrupt.c"
  1180 ;; Parameters:    Size  Location     Type
  1181 ;;		None
  1182 ;; Auto vars:     Size  Location     Type
  1183 ;;		None
  1184 ;; Return value:  Size  Location     Type
  1185 ;;                  1    wreg      void 
  1186 ;; Registers used:
  1187 ;;		wreg, status,2, status,0
  1188 ;; Tracked objects:
  1189 ;;		On entry : 0/0
  1190 ;;		On exit  : 0/0
  1191 ;;		Unchanged: 0/0
  1192 ;; Data sizes:     COMRAM   BANK0   BANK1   BANK2   BANK3   BANK4   BANK5   BANK6   BANK7   BANK8   BANK9  BANK10  BANK1
      +1  BANK12  BANK13  BANK14  BANK15
  1193 ;;      Params:         0       0       0       0       0       0       0       0       0       0       0       0       
      +0       0       0       0       0
  1194 ;;      Locals:         0       0       0       0       0       0       0       0       0       0       0       0       
      +0       0       0       0       0
  1195 ;;      Temps:          0       0       0       0       0       0       0       0       0       0       0       0       
      +0       0       0       0       0
  1196 ;;      Totals:         0       0       0       0       0       0       0       0       0       0       0       0       
      +0       0       0       0       0
  1197 ;;Total ram usage:        0 bytes
  1198 ;; Hardware stack levels used: 1
  1199 ;; This function calls:
  1200 ;;		Nothing
  1201 ;; This function is called by:
  1202 ;;		_InterruptHigh
  1203 ;; This function uses a non-reentrant model
  1204 ;;
  1205                           
  1206                           	psect	text10
  1207   00074E                     __ptext10:
  1208                           	callstack 0
  1209   00074E                     i2_Timer1_ISR:
  1210                           	callstack 27
  1211   00074E                     
  1212                           ;MCAL/Interrupt/Internal_Interrupt.c: 74:    ((*((volatile uint8_t *)0xF9E) &= ~((uint8_
      +                          t)0x01 << 0)));
  1213   00074E  909E               	bcf	158,0,c	;volatile
  1214   000750                     
  1215                           ;MCAL/Interrupt/Internal_Interrupt.c: 76:    *((volatile uint8_t *)0xFCF)=(Timer1_Preloa
      +                          d)>>8;
  1216   000750  5008               	movf	(_Timer1_Preload+1)^0,w,c
  1217   000752  6ECF               	movwf	207,c	;volatile
  1218   000754                     
  1219                           ;MCAL/Interrupt/Internal_Interrupt.c: 77:    *((volatile uint8_t *)0xFCE)=(uint8_t)(Time
      +                          r1_Preload);
  1220   000754  C007  FFCE         	movff	_Timer1_Preload,4046	;volatile
  1221   000758  0012               	return		;funcret
  1222   00075A                     __end_ofi2_Timer1_ISR:
  1223                           	callstack 0
  1224                           
  1225 ;; *************** function i2_Timer0_ISR *****************
  1226 ;; Defined at:
  1227 ;;		line 63 in file "MCAL/Interrupt/Internal_Interrupt.c"
  1228 ;; Parameters:    Size  Location     Type
  1229 ;;		None
  1230 ;; Auto vars:     Size  Location     Type
  1231 ;;		None
  1232 ;; Return value:  Size  Location     Type
  1233 ;;                  1    wreg      void 
  1234 ;; Registers used:
  1235 ;;		wreg, status,2, status,0
  1236 ;; Tracked objects:
  1237 ;;		On entry : 0/0
  1238 ;;		On exit  : 0/0
  1239 ;;		Unchanged: 0/0
  1240 ;; Data sizes:     COMRAM   BANK0   BANK1   BANK2   BANK3   BANK4   BANK5   BANK6   BANK7   BANK8   BANK9  BANK10  BANK1
      +1  BANK12  BANK13  BANK14  BANK15
  1241 ;;      Params:         0       0       0       0       0       0       0       0       0       0       0       0       
      +0       0       0       0       0
  1242 ;;      Locals:         0       0       0       0       0       0       0       0       0       0       0       0       
      +0       0       0       0       0
  1243 ;;      Temps:          0       0       0       0       0       0       0       0       0       0       0       0       
      +0       0       0       0       0
  1244 ;;      Totals:         0       0       0       0       0       0       0       0       0       0       0       0       
      +0       0       0       0       0
  1245 ;;Total ram usage:        0 bytes
  1246 ;; Hardware stack levels used: 1
  1247 ;; This function calls:
  1248 ;;		Nothing
  1249 ;; This function is called by:
  1250 ;;		_InterruptHigh
  1251 ;; This function uses a non-reentrant model
  1252 ;;
  1253                           
  1254                           	psect	text11
  1255   00075A                     __ptext11:
  1256                           	callstack 0
  1257   00075A                     i2_Timer0_ISR:
  1258                           	callstack 27
  1259   00075A                     
  1260                           ;MCAL/Interrupt/Internal_Interrupt.c: 64:    ((*((volatile uint8_t *)0xFF2) &= ~((uint8_
      +                          t)0x01 << 2)));
  1261   00075A  94F2               	bcf	242,2,c	;volatile
  1262   00075C                     
  1263                           ;MCAL/Interrupt/Internal_Interrupt.c: 67:    *((volatile uint8_t *)0xFD7)=(Timer0_Preloa
      +                          d)>>8;
  1264   00075C  500A               	movf	(_Timer0_Preload+1)^0,w,c
  1265   00075E  6ED7               	movwf	215,c	;volatile
  1266   000760                     
  1267                           ;MCAL/Interrupt/Internal_Interrupt.c: 68:    *((volatile uint8_t *)0xFD6)=(uint8_t)(Time
      +                          r0_Preload);
  1268   000760  C009  FFD6         	movff	_Timer0_Preload,4054	;volatile
  1269   000764  0012               	return		;funcret
  1270   000766                     __end_ofi2_Timer0_ISR:
  1271                           	callstack 0
  1272                           
  1273 ;; *************** function _RB7_ISR_Low *****************
  1274 ;; Defined at:
  1275 ;;		line 383 in file "MCAL/Interrupt/External_Interrupt.c"
  1276 ;; Parameters:    Size  Location     Type
  1277 ;;		None
  1278 ;; Auto vars:     Size  Location     Type
  1279 ;;		None
  1280 ;; Return value:  Size  Location     Type
  1281 ;;                  1    wreg      void 
  1282 ;; Registers used:
  1283 ;;		status,2, status,0
  1284 ;; Tracked objects:
  1285 ;;		On entry : 0/0
  1286 ;;		On exit  : 0/0
  1287 ;;		Unchanged: 0/0
  1288 ;; Data sizes:     COMRAM   BANK0   BANK1   BANK2   BANK3   BANK4   BANK5   BANK6   BANK7   BANK8   BANK9  BANK10  BANK1
      +1  BANK12  BANK13  BANK14  BANK15
  1289 ;;      Params:         0       0       0       0       0       0       0       0       0       0       0       0       
      +0       0       0       0       0
  1290 ;;      Locals:         0       0       0       0       0       0       0       0       0       0       0       0       
      +0       0       0       0       0
  1291 ;;      Temps:          0       0       0       0       0       0       0       0       0       0       0       0       
      +0       0       0       0       0
  1292 ;;      Totals:         0       0       0       0       0       0       0       0       0       0       0       0       
      +0       0       0       0       0
  1293 ;;Total ram usage:        0 bytes
  1294 ;; Hardware stack levels used: 1
  1295 ;; This function calls:
  1296 ;;		Nothing
  1297 ;; This function is called by:
  1298 ;;		_InterruptHigh
  1299 ;; This function uses a non-reentrant model
  1300 ;;
  1301                           
  1302                           	psect	text12
  1303   00078E                     __ptext12:
  1304                           	callstack 0
  1305   00078E                     _RB7_ISR_Low:
  1306                           	callstack 27
  1307   00078E                     
  1308                           ;MCAL/Interrupt/External_Interrupt.c: 384:     (*((volatile uint8_t *)0xFF2) &= ~((uint8
      +                          _t)0x01 << BIT0));
  1309   00078E  90F2               	bcf	242,0,c	;volatile
  1310   000790  0012               	return		;funcret
  1311   000792                     __end_of_RB7_ISR_Low:
  1312                           	callstack 0
  1313                           
  1314 ;; *************** function _RB7_ISR_High *****************
  1315 ;; Defined at:
  1316 ;;		line 377 in file "MCAL/Interrupt/External_Interrupt.c"
  1317 ;; Parameters:    Size  Location     Type
  1318 ;;		None
  1319 ;; Auto vars:     Size  Location     Type
  1320 ;;		None
  1321 ;; Return value:  Size  Location     Type
  1322 ;;                  1    wreg      void 
  1323 ;; Registers used:
  1324 ;;		status,2, status,0
  1325 ;; Tracked objects:
  1326 ;;		On entry : 0/0
  1327 ;;		On exit  : 0/0
  1328 ;;		Unchanged: 0/0
  1329 ;; Data sizes:     COMRAM   BANK0   BANK1   BANK2   BANK3   BANK4   BANK5   BANK6   BANK7   BANK8   BANK9  BANK10  BANK1
      +1  BANK12  BANK13  BANK14  BANK15
  1330 ;;      Params:         0       0       0       0       0       0       0       0       0       0       0       0       
      +0       0       0       0       0
  1331 ;;      Locals:         0       0       0       0       0       0       0       0       0       0       0       0       
      +0       0       0       0       0
  1332 ;;      Temps:          0       0       0       0       0       0       0       0       0       0       0       0       
      +0       0       0       0       0
  1333 ;;      Totals:         0       0       0       0       0       0       0       0       0       0       0       0       
      +0       0       0       0       0
  1334 ;;Total ram usage:        0 bytes
  1335 ;; Hardware stack levels used: 1
  1336 ;; This function calls:
  1337 ;;		Nothing
  1338 ;; This function is called by:
  1339 ;;		_InterruptHigh
  1340 ;; This function uses a non-reentrant model
  1341 ;;
  1342                           
  1343                           	psect	text13
  1344   000792                     __ptext13:
  1345                           	callstack 0
  1346   000792                     _RB7_ISR_High:
  1347                           	callstack 27
  1348   000792                     
  1349                           ;MCAL/Interrupt/External_Interrupt.c: 378:     (*((volatile uint8_t *)0xFF2) &= ~((uint8
      +                          _t)0x01 << BIT0));
  1350   000792  90F2               	bcf	242,0,c	;volatile
  1351   000794  0012               	return		;funcret
  1352   000796                     __end_of_RB7_ISR_High:
  1353                           	callstack 0
  1354                           
  1355 ;; *************** function _RB6_ISR_Low *****************
  1356 ;; Defined at:
  1357 ;;		line 371 in file "MCAL/Interrupt/External_Interrupt.c"
  1358 ;; Parameters:    Size  Location     Type
  1359 ;;		None
  1360 ;; Auto vars:     Size  Location     Type
  1361 ;;		None
  1362 ;; Return value:  Size  Location     Type
  1363 ;;                  1    wreg      void 
  1364 ;; Registers used:
  1365 ;;		status,2, status,0
  1366 ;; Tracked objects:
  1367 ;;		On entry : 0/0
  1368 ;;		On exit  : 0/0
  1369 ;;		Unchanged: 0/0
  1370 ;; Data sizes:     COMRAM   BANK0   BANK1   BANK2   BANK3   BANK4   BANK5   BANK6   BANK7   BANK8   BANK9  BANK10  BANK1
      +1  BANK12  BANK13  BANK14  BANK15
  1371 ;;      Params:         0       0       0       0       0       0       0       0       0       0       0       0       
      +0       0       0       0       0
  1372 ;;      Locals:         0       0       0       0       0       0       0       0       0       0       0       0       
      +0       0       0       0       0
  1373 ;;      Temps:          0       0       0       0       0       0       0       0       0       0       0       0       
      +0       0       0       0       0
  1374 ;;      Totals:         0       0       0       0       0       0       0       0       0       0       0       0       
      +0       0       0       0       0
  1375 ;;Total ram usage:        0 bytes
  1376 ;; Hardware stack levels used: 1
  1377 ;; This function calls:
  1378 ;;		Nothing
  1379 ;; This function is called by:
  1380 ;;		_InterruptHigh
  1381 ;; This function uses a non-reentrant model
  1382 ;;
  1383                           
  1384                           	psect	text14
  1385   000796                     __ptext14:
  1386                           	callstack 0
  1387   000796                     _RB6_ISR_Low:
  1388                           	callstack 27
  1389   000796                     
  1390                           ;MCAL/Interrupt/External_Interrupt.c: 372:     (*((volatile uint8_t *)0xFF2) &= ~((uint8
      +                          _t)0x01 << BIT0));
  1391   000796  90F2               	bcf	242,0,c	;volatile
  1392   000798  0012               	return		;funcret
  1393   00079A                     __end_of_RB6_ISR_Low:
  1394                           	callstack 0
  1395                           
  1396 ;; *************** function _RB6_ISR_High *****************
  1397 ;; Defined at:
  1398 ;;		line 365 in file "MCAL/Interrupt/External_Interrupt.c"
  1399 ;; Parameters:    Size  Location     Type
  1400 ;;		None
  1401 ;; Auto vars:     Size  Location     Type
  1402 ;;		None
  1403 ;; Return value:  Size  Location     Type
  1404 ;;                  1    wreg      void 
  1405 ;; Registers used:
  1406 ;;		status,2, status,0
  1407 ;; Tracked objects:
  1408 ;;		On entry : 0/0
  1409 ;;		On exit  : 0/0
  1410 ;;		Unchanged: 0/0
  1411 ;; Data sizes:     COMRAM   BANK0   BANK1   BANK2   BANK3   BANK4   BANK5   BANK6   BANK7   BANK8   BANK9  BANK10  BANK1
      +1  BANK12  BANK13  BANK14  BANK15
  1412 ;;      Params:         0       0       0       0       0       0       0       0       0       0       0       0       
      +0       0       0       0       0
  1413 ;;      Locals:         0       0       0       0       0       0       0       0       0       0       0       0       
      +0       0       0       0       0
  1414 ;;      Temps:          0       0       0       0       0       0       0       0       0       0       0       0       
      +0       0       0       0       0
  1415 ;;      Totals:         0       0       0       0       0       0       0       0       0       0       0       0       
      +0       0       0       0       0
  1416 ;;Total ram usage:        0 bytes
  1417 ;; Hardware stack levels used: 1
  1418 ;; This function calls:
  1419 ;;		Nothing
  1420 ;; This function is called by:
  1421 ;;		_InterruptHigh
  1422 ;; This function uses a non-reentrant model
  1423 ;;
  1424                           
  1425                           	psect	text15
  1426   00079A                     __ptext15:
  1427                           	callstack 0
  1428   00079A                     _RB6_ISR_High:
  1429                           	callstack 27
  1430   00079A                     
  1431                           ;MCAL/Interrupt/External_Interrupt.c: 366:     (*((volatile uint8_t *)0xFF2) &= ~((uint8
      +                          _t)0x01 << BIT0));
  1432   00079A  90F2               	bcf	242,0,c	;volatile
  1433   00079C  0012               	return		;funcret
  1434   00079E                     __end_of_RB6_ISR_High:
  1435                           	callstack 0
  1436                           
  1437 ;; *************** function _RB5_ISR_Low *****************
  1438 ;; Defined at:
  1439 ;;		line 358 in file "MCAL/Interrupt/External_Interrupt.c"
  1440 ;; Parameters:    Size  Location     Type
  1441 ;;		None
  1442 ;; Auto vars:     Size  Location     Type
  1443 ;;		None
  1444 ;; Return value:  Size  Location     Type
  1445 ;;                  1    wreg      void 
  1446 ;; Registers used:
  1447 ;;		status,2, status,0
  1448 ;; Tracked objects:
  1449 ;;		On entry : 0/0
  1450 ;;		On exit  : 0/0
  1451 ;;		Unchanged: 0/0
  1452 ;; Data sizes:     COMRAM   BANK0   BANK1   BANK2   BANK3   BANK4   BANK5   BANK6   BANK7   BANK8   BANK9  BANK10  BANK1
      +1  BANK12  BANK13  BANK14  BANK15
  1453 ;;      Params:         0       0       0       0       0       0       0       0       0       0       0       0       
      +0       0       0       0       0
  1454 ;;      Locals:         0       0       0       0       0       0       0       0       0       0       0       0       
      +0       0       0       0       0
  1455 ;;      Temps:          0       0       0       0       0       0       0       0       0       0       0       0       
      +0       0       0       0       0
  1456 ;;      Totals:         0       0       0       0       0       0       0       0       0       0       0       0       
      +0       0       0       0       0
  1457 ;;Total ram usage:        0 bytes
  1458 ;; Hardware stack levels used: 1
  1459 ;; This function calls:
  1460 ;;		Nothing
  1461 ;; This function is called by:
  1462 ;;		_InterruptHigh
  1463 ;; This function uses a non-reentrant model
  1464 ;;
  1465                           
  1466                           	psect	text16
  1467   00079E                     __ptext16:
  1468                           	callstack 0
  1469   00079E                     _RB5_ISR_Low:
  1470                           	callstack 27
  1471   00079E                     
  1472                           ;MCAL/Interrupt/External_Interrupt.c: 359:     (*((volatile uint8_t *)0xFF2) &= ~((uint8
      +                          _t)0x01 << BIT0));
  1473   00079E  90F2               	bcf	242,0,c	;volatile
  1474   0007A0  0012               	return		;funcret
  1475   0007A2                     __end_of_RB5_ISR_Low:
  1476                           	callstack 0
  1477                           
  1478 ;; *************** function _RB5_ISR_High *****************
  1479 ;; Defined at:
  1480 ;;		line 352 in file "MCAL/Interrupt/External_Interrupt.c"
  1481 ;; Parameters:    Size  Location     Type
  1482 ;;		None
  1483 ;; Auto vars:     Size  Location     Type
  1484 ;;		None
  1485 ;; Return value:  Size  Location     Type
  1486 ;;                  1    wreg      void 
  1487 ;; Registers used:
  1488 ;;		status,2, status,0
  1489 ;; Tracked objects:
  1490 ;;		On entry : 0/0
  1491 ;;		On exit  : 0/0
  1492 ;;		Unchanged: 0/0
  1493 ;; Data sizes:     COMRAM   BANK0   BANK1   BANK2   BANK3   BANK4   BANK5   BANK6   BANK7   BANK8   BANK9  BANK10  BANK1
      +1  BANK12  BANK13  BANK14  BANK15
  1494 ;;      Params:         0       0       0       0       0       0       0       0       0       0       0       0       
      +0       0       0       0       0
  1495 ;;      Locals:         0       0       0       0       0       0       0       0       0       0       0       0       
      +0       0       0       0       0
  1496 ;;      Temps:          0       0       0       0       0       0       0       0       0       0       0       0       
      +0       0       0       0       0
  1497 ;;      Totals:         0       0       0       0       0       0       0       0       0       0       0       0       
      +0       0       0       0       0
  1498 ;;Total ram usage:        0 bytes
  1499 ;; Hardware stack levels used: 1
  1500 ;; This function calls:
  1501 ;;		Nothing
  1502 ;; This function is called by:
  1503 ;;		_InterruptHigh
  1504 ;; This function uses a non-reentrant model
  1505 ;;
  1506                           
  1507                           	psect	text17
  1508   0007A2                     __ptext17:
  1509                           	callstack 0
  1510   0007A2                     _RB5_ISR_High:
  1511                           	callstack 27
  1512   0007A2                     
  1513                           ;MCAL/Interrupt/External_Interrupt.c: 353:     (*((volatile uint8_t *)0xFF2) &= ~((uint8
      +                          _t)0x01 << BIT0));
  1514   0007A2  90F2               	bcf	242,0,c	;volatile
  1515   0007A4  0012               	return		;funcret
  1516   0007A6                     __end_of_RB5_ISR_High:
  1517                           	callstack 0
  1518                           
  1519 ;; *************** function _INT2_ISR *****************
  1520 ;; Defined at:
  1521 ;;		line 228 in file "MCAL/Interrupt/External_Interrupt.c"
  1522 ;; Parameters:    Size  Location     Type
  1523 ;;		None
  1524 ;; Auto vars:     Size  Location     Type
  1525 ;;		None
  1526 ;; Return value:  Size  Location     Type
  1527 ;;                  1    wreg      void 
  1528 ;; Registers used:
  1529 ;;		status,2, status,0
  1530 ;; Tracked objects:
  1531 ;;		On entry : 0/0
  1532 ;;		On exit  : 0/0
  1533 ;;		Unchanged: 0/0
  1534 ;; Data sizes:     COMRAM   BANK0   BANK1   BANK2   BANK3   BANK4   BANK5   BANK6   BANK7   BANK8   BANK9  BANK10  BANK1
      +1  BANK12  BANK13  BANK14  BANK15
  1535 ;;      Params:         0       0       0       0       0       0       0       0       0       0       0       0       
      +0       0       0       0       0
  1536 ;;      Locals:         0       0       0       0       0       0       0       0       0       0       0       0       
      +0       0       0       0       0
  1537 ;;      Temps:          0       0       0       0       0       0       0       0       0       0       0       0       
      +0       0       0       0       0
  1538 ;;      Totals:         0       0       0       0       0       0       0       0       0       0       0       0       
      +0       0       0       0       0
  1539 ;;Total ram usage:        0 bytes
  1540 ;; Hardware stack levels used: 1
  1541 ;; This function calls:
  1542 ;;		Nothing
  1543 ;; This function is called by:
  1544 ;;		_InterruptHigh
  1545 ;; This function uses a non-reentrant model
  1546 ;;
  1547                           
  1548                           	psect	text18
  1549   0007A6                     __ptext18:
  1550                           	callstack 0
  1551   0007A6                     _INT2_ISR:
  1552                           	callstack 27
  1553   0007A6                     
  1554                           ;MCAL/Interrupt/External_Interrupt.c: 229:     (*((volatile uint8_t *)0xFF0) &= ~((uint8
      +                          _t)0x01 << BIT1));
  1555   0007A6  92F0               	bcf	240,1,c	;volatile
  1556   0007A8  0012               	return		;funcret
  1557   0007AA                     __end_of_INT2_ISR:
  1558                           	callstack 0
  1559                           
  1560 ;; *************** function _INT0_ISR *****************
  1561 ;; Defined at:
  1562 ;;		line 213 in file "MCAL/Interrupt/External_Interrupt.c"
  1563 ;; Parameters:    Size  Location     Type
  1564 ;;		None
  1565 ;; Auto vars:     Size  Location     Type
  1566 ;;		None
  1567 ;; Return value:  Size  Location     Type
  1568 ;;                  1    wreg      void 
  1569 ;; Registers used:
  1570 ;;		status,2, status,0
  1571 ;; Tracked objects:
  1572 ;;		On entry : 0/0
  1573 ;;		On exit  : 0/0
  1574 ;;		Unchanged: 0/0
  1575 ;; Data sizes:     COMRAM   BANK0   BANK1   BANK2   BANK3   BANK4   BANK5   BANK6   BANK7   BANK8   BANK9  BANK10  BANK1
      +1  BANK12  BANK13  BANK14  BANK15
  1576 ;;      Params:         0       0       0       0       0       0       0       0       0       0       0       0       
      +0       0       0       0       0
  1577 ;;      Locals:         0       0       0       0       0       0       0       0       0       0       0       0       
      +0       0       0       0       0
  1578 ;;      Temps:          0       0       0       0       0       0       0       0       0       0       0       0       
      +0       0       0       0       0
  1579 ;;      Totals:         0       0       0       0       0       0       0       0       0       0       0       0       
      +0       0       0       0       0
  1580 ;;Total ram usage:        0 bytes
  1581 ;; Hardware stack levels used: 1
  1582 ;; This function calls:
  1583 ;;		Nothing
  1584 ;; This function is called by:
  1585 ;;		_InterruptHigh
  1586 ;; This function uses a non-reentrant model
  1587 ;;
  1588                           
  1589                           	psect	text19
  1590   0007AA                     __ptext19:
  1591                           	callstack 0
  1592   0007AA                     _INT0_ISR:
  1593                           	callstack 27
  1594   0007AA                     
  1595                           ;MCAL/Interrupt/External_Interrupt.c: 214:     (*((volatile uint8_t *)0xFF2) &= ~((uint8
      +                          _t)0x01 << BIT1));
  1596   0007AA  92F2               	bcf	242,1,c	;volatile
  1597   0007AC  0012               	return		;funcret
  1598   0007AE                     __end_of_INT0_ISR:
  1599                           	callstack 0
  1600                           
  1601 ;; *************** function _EUSART_TX_ISR *****************
  1602 ;; Defined at:
  1603 ;;		line 99 in file "MCAL/Interrupt/Internal_Interrupt.c"
  1604 ;; Parameters:    Size  Location     Type
  1605 ;;		None
  1606 ;; Auto vars:     Size  Location     Type
  1607 ;;		None
  1608 ;; Return value:  Size  Location     Type
  1609 ;;                  1    wreg      void 
  1610 ;; Registers used:
  1611 ;;		status,2, status,0
  1612 ;; Tracked objects:
  1613 ;;		On entry : 0/0
  1614 ;;		On exit  : 0/0
  1615 ;;		Unchanged: 0/0
  1616 ;; Data sizes:     COMRAM   BANK0   BANK1   BANK2   BANK3   BANK4   BANK5   BANK6   BANK7   BANK8   BANK9  BANK10  BANK1
      +1  BANK12  BANK13  BANK14  BANK15
  1617 ;;      Params:         0       0       0       0       0       0       0       0       0       0       0       0       
      +0       0       0       0       0
  1618 ;;      Locals:         0       0       0       0       0       0       0       0       0       0       0       0       
      +0       0       0       0       0
  1619 ;;      Temps:          0       0       0       0       0       0       0       0       0       0       0       0       
      +0       0       0       0       0
  1620 ;;      Totals:         0       0       0       0       0       0       0       0       0       0       0       0       
      +0       0       0       0       0
  1621 ;;Total ram usage:        0 bytes
  1622 ;; Hardware stack levels used: 1
  1623 ;; This function calls:
  1624 ;;		Nothing
  1625 ;; This function is called by:
  1626 ;;		_InterruptHigh
  1627 ;; This function uses a non-reentrant model
  1628 ;;
  1629                           
  1630                           	psect	text20
  1631   0007AE                     __ptext20:
  1632                           	callstack 0
  1633   0007AE                     _EUSART_TX_ISR:
  1634                           	callstack 27
  1635   0007AE                     
  1636                           ;MCAL/Interrupt/Internal_Interrupt.c: 100:     ((*((volatile uint8_t *)0xF9D) |= ((uint8
      +                          _t)0x01 << 4)));
  1637   0007AE  889D               	bsf	157,4,c	;volatile
  1638   0007B0  0012               	return		;funcret
  1639   0007B2                     __end_of_EUSART_TX_ISR:
  1640                           	callstack 0
  1641                           
  1642 ;; *************** function _EUSART_RX_ISR *****************
  1643 ;; Defined at:
  1644 ;;		line 106 in file "MCAL/Interrupt/Internal_Interrupt.c"
  1645 ;; Parameters:    Size  Location     Type
  1646 ;;		None
  1647 ;; Auto vars:     Size  Location     Type
  1648 ;;		None
  1649 ;; Return value:  Size  Location     Type
  1650 ;;                  1    wreg      void 
  1651 ;; Registers used:
  1652 ;;		wreg, fsr2l, fsr2h, status,2, status,0, pcl, pclath, pclatu, tosl, cstack
  1653 ;; Tracked objects:
  1654 ;;		On entry : 0/0
  1655 ;;		On exit  : 0/0
  1656 ;;		Unchanged: 0/0
  1657 ;; Data sizes:     COMRAM   BANK0   BANK1   BANK2   BANK3   BANK4   BANK5   BANK6   BANK7   BANK8   BANK9  BANK10  BANK1
      +1  BANK12  BANK13  BANK14  BANK15
  1658 ;;      Params:         0       0       0       0       0       0       0       0       0       0       0       0       
      +0       0       0       0       0
  1659 ;;      Locals:         0       0       0       0       0       0       0       0       0       0       0       0       
      +0       0       0       0       0
  1660 ;;      Temps:          0       0       0       0       0       0       0       0       0       0       0       0       
      +0       0       0       0       0
  1661 ;;      Totals:         0       0       0       0       0       0       0       0       0       0       0       0       
      +0       0       0       0       0
  1662 ;;Total ram usage:        0 bytes
  1663 ;; Hardware stack levels used: 1
  1664 ;; Hardware stack levels required when called: 3
  1665 ;; This function calls:
  1666 ;;		Absolute function
  1667 ;;		_EUSART_RxDefaultInterruptHandler
  1668 ;; This function is called by:
  1669 ;;		_InterruptHigh
  1670 ;; This function uses a non-reentrant model
  1671 ;;
  1672                           
  1673                           	psect	text21
  1674   0006A4                     __ptext21:
  1675                           	callstack 0
  1676   0006A4                     _EUSART_RX_ISR:
  1677                           	callstack 24
  1678   0006A4                     
  1679                           ;MCAL/Interrupt/Internal_Interrupt.c: 107:     if(EUSART_RxInterruptHandler){
  1680   0006A4  500F               	movf	_EUSART_RxInterruptHandler^0,w,c
  1681   0006A6  1010               	iorwf	(_EUSART_RxInterruptHandler+1)^0,w,c
  1682   0006A8  B4D8               	btfsc	status,2,c
  1683   0006AA  EF59  F003         	goto	i2u263_41
  1684   0006AE  EF5B  F003         	goto	i2u263_40
  1685   0006B2                     i2u263_41:
  1686   0006B2  EF6A  F003         	goto	i2l3547
  1687   0006B6                     i2u263_40:
  1688   0006B6                     
  1689                           ;MCAL/Interrupt/Internal_Interrupt.c: 108:         EUSART_RxInterruptHandler();
  1690   0006B6  D802               	call	i2u264_48
  1691   0006B8  EF68  F003         	goto	i2u264_49
  1692   0006BC                     i2u264_48:
  1693   0006BC  0005               	push	
  1694   0006BE  6EFA               	movwf	pclath,c
  1695   0006C0  500F               	movf	_EUSART_RxInterruptHandler^0,w,c
  1696   0006C2  6EFD               	movwf	tosl,c
  1697   0006C4  5010               	movf	(_EUSART_RxInterruptHandler+1)^0,w,c
  1698   0006C6  6EFE               	movwf	tosh,c
  1699   0006C8  50F8               	movf	tblptru,w,c
  1700   0006CA  6EFF               	movwf	tosu,c
  1701   0006CC  50FA               	movf	pclath,w,c
  1702   0006CE  0012               	return		;indir
  1703   0006D0                     i2u264_49:
  1704                           
  1705                           ;MCAL/Interrupt/Internal_Interrupt.c: 109:     }else { }
  1706   0006D0  EF6A  F003         	goto	i2l689
  1707   0006D4                     i2l3547:
  1708   0006D4                     i2l689:
  1709   0006D4  0012               	return		;funcret
  1710   0006D6                     __end_of_EUSART_RX_ISR:
  1711                           	callstack 0
  1712                           
  1713 ;; *************** function _EUSART_RxDefaultInterruptHandler *****************
  1714 ;; Defined at:
  1715 ;;		line 18 in file "main.c"
  1716 ;; Parameters:    Size  Location     Type
  1717 ;;		None
  1718 ;; Auto vars:     Size  Location     Type
  1719 ;;  j               2   14[COMRAM] int 
  1720 ;;  j               2   10[COMRAM] int 
  1721 ;;  i               2   12[COMRAM] int 
  1722 ;;  i               2    8[COMRAM] int 
  1723 ;;  ret             1    0        unsigned char 
  1724 ;; Return value:  Size  Location     Type
  1725 ;;                  1    wreg      void 
  1726 ;; Registers used:
  1727 ;;		wreg, fsr2l, fsr2h, status,2, status,0, cstack
  1728 ;; Tracked objects:
  1729 ;;		On entry : 0/0
  1730 ;;		On exit  : 0/0
  1731 ;;		Unchanged: 0/0
  1732 ;; Data sizes:     COMRAM   BANK0   BANK1   BANK2   BANK3   BANK4   BANK5   BANK6   BANK7   BANK8   BANK9  BANK10  BANK1
      +1  BANK12  BANK13  BANK14  BANK15
  1733 ;;      Params:         0       0       0       0       0       0       0       0       0       0       0       0       
      +0       0       0       0       0
  1734 ;;      Locals:         8       0       0       0       0       0       0       0       0       0       0       0       
      +0       0       0       0       0
  1735 ;;      Temps:          0       0       0       0       0       0       0       0       0       0       0       0       
      +0       0       0       0       0
  1736 ;;      Totals:         8       0       0       0       0       0       0       0       0       0       0       0       
      +0       0       0       0       0
  1737 ;;Total ram usage:        8 bytes
  1738 ;; Hardware stack levels used: 1
  1739 ;; Hardware stack levels required when called: 2
  1740 ;; This function calls:
  1741 ;;		_EUSART_ASYNC_ReadByte
  1742 ;;		_EUSART_ASYNC_WriteByte
  1743 ;;		_led_off
  1744 ;;		_led_on
  1745 ;; This function is called by:
  1746 ;;		_usart_module_int_init
  1747 ;;		_EUSART_RX_ISR
  1748 ;; This function uses a non-reentrant model
  1749 ;;
  1750                           
  1751                           	psect	text22
  1752   000574                     __ptext22:
  1753                           	callstack 0
  1754   000574                     _EUSART_RxDefaultInterruptHandler:
  1755                           	callstack 24
  1756   000574                     
  1757                           ;main.c: 19:     x++;
  1758   000574  4A05               	infsnz	_x^0,f,c	;volatile
  1759   000576  2A06               	incf	(_x+1)^0,f,c	;volatile
  1760   000578                     
  1761                           ;main.c: 21:     EUSART_ASYNC_ReadByte(&rec_uart_data);
  1762   000578  0E35               	movlw	low _rec_uart_data
  1763   00057A  6E36               	movwf	EUSART_ASYNC_ReadByte@_data^0,c
  1764   00057C  0E00               	movlw	high _rec_uart_data
  1765   00057E  6E37               	movwf	(EUSART_ASYNC_ReadByte@_data+1)^0,c
  1766   000580  EC6B  F003         	call	_EUSART_ASYNC_ReadByte	;wreg free
  1767   000584                     
  1768                           ;main.c: 22:     if('a' == rec_uart_data){
  1769   000584  0E61               	movlw	97
  1770   000586  1835               	xorwf	_rec_uart_data^0,w,c	;volatile
  1771   000588  A4D8               	btfss	status,2,c
  1772   00058A  EFC9  F002         	goto	i2u257_41
  1773   00058E  EFCB  F002         	goto	i2u257_40
  1774   000592                     i2u257_41:
  1775   000592  EFFB  F002         	goto	i2l3519
  1776   000596                     i2u257_40:
  1777   000596                     
  1778                           ;main.c: 23:         led_on(0,'D');
  1779   000596  0E44               	movlw	68
  1780   000598  6E3C               	movwf	led_on@port^0,c
  1781   00059A  0E00               	movlw	0
  1782   00059C  EC89  F003         	call	_led_on
  1783   0005A0  0E63               	movlw	99
  1784   0005A2  EC7B  F003         	call	_EUSART_ASYNC_WriteByte
  1785   0005A6                     
  1786                           ;main.c: 25:         for(int i=0;i<=250;i++)
  1787   0005A6  0E00               	movlw	0
  1788   0005A8  6E3F               	movwf	(EUSART_RxDefaultInterruptHandler@i+1)^0,c
  1789   0005AA  0E00               	movlw	0
  1790   0005AC  6E3E               	movwf	EUSART_RxDefaultInterruptHandler@i^0,c
  1791   0005AE                     i2l3505:
  1792                           
  1793                           ;main.c: 26:             for(int j=0;j<=250;j++);
  1794   0005AE  0E00               	movlw	0
  1795   0005B0  6E41               	movwf	(EUSART_RxDefaultInterruptHandler@j+1)^0,c
  1796   0005B2  0E00               	movlw	0
  1797   0005B4  6E40               	movwf	EUSART_RxDefaultInterruptHandler@j^0,c
  1798   0005B6                     i2l3511:
  1799   0005B6  4A40               	infsnz	EUSART_RxDefaultInterruptHandler@j^0,f,c
  1800   0005B8  2A41               	incf	(EUSART_RxDefaultInterruptHandler@j+1)^0,f,c
  1801   0005BA  BE41               	btfsc	(EUSART_RxDefaultInterruptHandler@j+1)^0,7,c
  1802   0005BC  EFE9  F002         	goto	i2u258_41
  1803   0005C0  5041               	movf	(EUSART_RxDefaultInterruptHandler@j+1)^0,w,c
  1804   0005C2  E109               	bnz	i2u258_40
  1805   0005C4  0EFB               	movlw	251
  1806   0005C6  5C40               	subwf	EUSART_RxDefaultInterruptHandler@j^0,w,c
  1807   0005C8  A0D8               	btfss	status,0,c
  1808   0005CA  EFE9  F002         	goto	i2u258_41
  1809   0005CE  EFEB  F002         	goto	i2u258_40
  1810   0005D2                     i2u258_41:
  1811   0005D2  EFDB  F002         	goto	i2l3511
  1812   0005D6                     i2u258_40:
  1813   0005D6  4A3E               	infsnz	EUSART_RxDefaultInterruptHandler@i^0,f,c
  1814   0005D8  2A3F               	incf	(EUSART_RxDefaultInterruptHandler@i+1)^0,f,c
  1815   0005DA  BE3F               	btfsc	(EUSART_RxDefaultInterruptHandler@i+1)^0,7,c
  1816   0005DC  EFF9  F002         	goto	i2u259_41
  1817   0005E0  503F               	movf	(EUSART_RxDefaultInterruptHandler@i+1)^0,w,c
  1818   0005E2  E109               	bnz	i2u259_40
  1819   0005E4  0EFB               	movlw	251
  1820   0005E6  5C3E               	subwf	EUSART_RxDefaultInterruptHandler@i^0,w,c
  1821   0005E8  A0D8               	btfss	status,0,c
  1822   0005EA  EFF9  F002         	goto	i2u259_41
  1823   0005EE  EFFB  F002         	goto	i2u259_40
  1824   0005F2                     i2u259_41:
  1825   0005F2  EFD7  F002         	goto	i2l3505
  1826   0005F6                     i2u259_40:
  1827   0005F6                     i2l3519:
  1828                           
  1829                           ;main.c: 28:     if('b' == rec_uart_data){
  1830   0005F6  0E62               	movlw	98
  1831   0005F8  1835               	xorwf	_rec_uart_data^0,w,c	;volatile
  1832   0005FA  A4D8               	btfss	status,2,c
  1833   0005FC  EF02  F003         	goto	i2u260_41
  1834   000600  EF04  F003         	goto	i2u260_40
  1835   000604                     i2u260_41:
  1836   000604  EF34  F003         	goto	i2l929
  1837   000608                     i2u260_40:
  1838   000608                     
  1839                           ;main.c: 29:         led_off(0,'D');
  1840   000608  0E44               	movlw	68
  1841   00060A  6E3C               	movwf	led_off@port^0,c
  1842   00060C  0E00               	movlw	0
  1843   00060E  EC92  F003         	call	_led_off
  1844   000612  0E64               	movlw	100
  1845   000614  EC7B  F003         	call	_EUSART_ASYNC_WriteByte
  1846   000618                     
  1847                           ;main.c: 31:           for(int i=0;i<=250;i++)
  1848   000618  0E00               	movlw	0
  1849   00061A  6E43               	movwf	(EUSART_RxDefaultInterruptHandler@i_1056+1)^0,c
  1850   00061C  0E00               	movlw	0
  1851   00061E  6E42               	movwf	EUSART_RxDefaultInterruptHandler@i_1056^0,c
  1852   000620                     i2l3529:
  1853                           
  1854                           ;main.c: 32:             for(int j=0;j<=250;j++);
  1855   000620  0E00               	movlw	0
  1856   000622  6E45               	movwf	(EUSART_RxDefaultInterruptHandler@j_1057+1)^0,c
  1857   000624  0E00               	movlw	0
  1858   000626  6E44               	movwf	EUSART_RxDefaultInterruptHandler@j_1057^0,c
  1859   000628                     i2l3535:
  1860   000628  4A44               	infsnz	EUSART_RxDefaultInterruptHandler@j_1057^0,f,c
  1861   00062A  2A45               	incf	(EUSART_RxDefaultInterruptHandler@j_1057+1)^0,f,c
  1862   00062C  BE45               	btfsc	(EUSART_RxDefaultInterruptHandler@j_1057+1)^0,7,c
  1863   00062E  EF22  F003         	goto	i2u261_41
  1864   000632  5045               	movf	(EUSART_RxDefaultInterruptHandler@j_1057+1)^0,w,c
  1865   000634  E109               	bnz	i2u261_40
  1866   000636  0EFB               	movlw	251
  1867   000638  5C44               	subwf	EUSART_RxDefaultInterruptHandler@j_1057^0,w,c
  1868   00063A  A0D8               	btfss	status,0,c
  1869   00063C  EF22  F003         	goto	i2u261_41
  1870   000640  EF24  F003         	goto	i2u261_40
  1871   000644                     i2u261_41:
  1872   000644  EF14  F003         	goto	i2l3535
  1873   000648                     i2u261_40:
  1874   000648  4A42               	infsnz	EUSART_RxDefaultInterruptHandler@i_1056^0,f,c
  1875   00064A  2A43               	incf	(EUSART_RxDefaultInterruptHandler@i_1056+1)^0,f,c
  1876   00064C  BE43               	btfsc	(EUSART_RxDefaultInterruptHandler@i_1056+1)^0,7,c
  1877   00064E  EF32  F003         	goto	i2u262_41
  1878   000652  5043               	movf	(EUSART_RxDefaultInterruptHandler@i_1056+1)^0,w,c
  1879   000654  E109               	bnz	i2u262_40
  1880   000656  0EFB               	movlw	251
  1881   000658  5C42               	subwf	EUSART_RxDefaultInterruptHandler@i_1056^0,w,c
  1882   00065A  A0D8               	btfss	status,0,c
  1883   00065C  EF32  F003         	goto	i2u262_41
  1884   000660  EF34  F003         	goto	i2u262_40
  1885   000664                     i2u262_41:
  1886   000664  EF10  F003         	goto	i2l3529
  1887   000668                     i2u262_40:
  1888   000668                     i2l929:
  1889   000668  0012               	return		;funcret
  1890   00066A                     __end_of_EUSART_RxDefaultInterruptHandler:
  1891                           	callstack 0
  1892                           
  1893 ;; *************** function _led_on *****************
  1894 ;; Defined at:
  1895 ;;		line 13 in file "ECUAL/LED_Driver/led.c"
  1896 ;; Parameters:    Size  Location     Type
  1897 ;;  pinNum          1    wreg     unsigned char 
  1898 ;;  port            1    6[COMRAM] unsigned char 
  1899 ;; Auto vars:     Size  Location     Type
  1900 ;;  pinNum          1    7[COMRAM] unsigned char 
  1901 ;; Return value:  Size  Location     Type
  1902 ;;                  1    wreg      unsigned char 
  1903 ;; Registers used:
  1904 ;;		wreg, status,2, status,0, cstack
  1905 ;; Tracked objects:
  1906 ;;		On entry : 0/0
  1907 ;;		On exit  : 0/0
  1908 ;;		Unchanged: 0/0
  1909 ;; Data sizes:     COMRAM   BANK0   BANK1   BANK2   BANK3   BANK4   BANK5   BANK6   BANK7   BANK8   BANK9  BANK10  BANK1
      +1  BANK12  BANK13  BANK14  BANK15
  1910 ;;      Params:         1       0       0       0       0       0       0       0       0       0       0       0       
      +0       0       0       0       0
  1911 ;;      Locals:         1       0       0       0       0       0       0       0       0       0       0       0       
      +0       0       0       0       0
  1912 ;;      Temps:          0       0       0       0       0       0       0       0       0       0       0       0       
      +0       0       0       0       0
  1913 ;;      Totals:         2       0       0       0       0       0       0       0       0       0       0       0       
      +0       0       0       0       0
  1914 ;;Total ram usage:        2 bytes
  1915 ;; Hardware stack levels used: 1
  1916 ;; Hardware stack levels required when called: 1
  1917 ;; This function calls:
  1918 ;;		_dio_pin_write_logic
  1919 ;; This function is called by:
  1920 ;;		_EUSART_RxDefaultInterruptHandler
  1921 ;; This function uses a non-reentrant model
  1922 ;;
  1923                           
  1924                           	psect	text23
  1925   000712                     __ptext23:
  1926                           	callstack 0
  1927   000712                     _led_on:
  1928                           	callstack 24
  1929                           
  1930                           ;incstack = 0
  1931                           ;led_on@pinNum stored from wreg
  1932   000712  6E3D               	movwf	led_on@pinNum^0,c
  1933   000714                     
  1934                           ;ECUAL/LED_Driver/led.c: 14:    if(dio_pin_write_logic(pinNum,port,DIO_HIGH))return (Std
      +                          _ReturnType)0x01;
  1935   000714  C03C  F036         	movff	led_on@port,dio_pin_write_logic@port
  1936   000718  0E01               	movlw	1
  1937   00071A  6E37               	movwf	dio_pin_write_logic@logic^0,c
  1938   00071C  503D               	movf	led_on@pinNum^0,w,c
  1939   00071E  EC77  F000         	call	_dio_pin_write_logic
  1940   000722  0012               	return		;funcret
  1941   000724                     __end_of_led_on:
  1942                           	callstack 0
  1943                           
  1944 ;; *************** function _led_off *****************
  1945 ;; Defined at:
  1946 ;;		line 20 in file "ECUAL/LED_Driver/led.c"
  1947 ;; Parameters:    Size  Location     Type
  1948 ;;  pinNum          1    wreg     unsigned char 
  1949 ;;  port            1    6[COMRAM] unsigned char 
  1950 ;; Auto vars:     Size  Location     Type
  1951 ;;  pinNum          1    7[COMRAM] unsigned char 
  1952 ;; Return value:  Size  Location     Type
  1953 ;;                  1    wreg      unsigned char 
  1954 ;; Registers used:
  1955 ;;		wreg, status,2, status,0, cstack
  1956 ;; Tracked objects:
  1957 ;;		On entry : 0/0
  1958 ;;		On exit  : 0/0
  1959 ;;		Unchanged: 0/0
  1960 ;; Data sizes:     COMRAM   BANK0   BANK1   BANK2   BANK3   BANK4   BANK5   BANK6   BANK7   BANK8   BANK9  BANK10  BANK1
      +1  BANK12  BANK13  BANK14  BANK15
  1961 ;;      Params:         1       0       0       0       0       0       0       0       0       0       0       0       
      +0       0       0       0       0
  1962 ;;      Locals:         1       0       0       0       0       0       0       0       0       0       0       0       
      +0       0       0       0       0
  1963 ;;      Temps:          0       0       0       0       0       0       0       0       0       0       0       0       
      +0       0       0       0       0
  1964 ;;      Totals:         2       0       0       0       0       0       0       0       0       0       0       0       
      +0       0       0       0       0
  1965 ;;Total ram usage:        2 bytes
  1966 ;; Hardware stack levels used: 1
  1967 ;; Hardware stack levels required when called: 1
  1968 ;; This function calls:
  1969 ;;		_dio_pin_write_logic
  1970 ;; This function is called by:
  1971 ;;		_EUSART_RxDefaultInterruptHandler
  1972 ;; This function uses a non-reentrant model
  1973 ;;
  1974                           
  1975                           	psect	text24
  1976   000724                     __ptext24:
  1977                           	callstack 0
  1978   000724                     _led_off:
  1979                           	callstack 24
  1980                           
  1981                           ;incstack = 0
  1982                           ;led_off@pinNum stored from wreg
  1983   000724  6E3D               	movwf	led_off@pinNum^0,c
  1984   000726                     
  1985                           ;ECUAL/LED_Driver/led.c: 21:    if(dio_pin_write_logic(pinNum,port,DIO_LOW))return (Std_
      +                          ReturnType)0x01;
  1986   000726  C03C  F036         	movff	led_off@port,dio_pin_write_logic@port
  1987   00072A  0E00               	movlw	0
  1988   00072C  6E37               	movwf	dio_pin_write_logic@logic^0,c
  1989   00072E  503D               	movf	led_off@pinNum^0,w,c
  1990   000730  EC77  F000         	call	_dio_pin_write_logic
  1991   000734  0012               	return		;funcret
  1992   000736                     __end_of_led_off:
  1993                           	callstack 0
  1994                           
  1995 ;; *************** function _dio_pin_write_logic *****************
  1996 ;; Defined at:
  1997 ;;		line 43 in file "MCAL/DIO_Driver/dio.c"
  1998 ;; Parameters:    Size  Location     Type
  1999 ;;  pinNum          1    wreg     unsigned char 
  2000 ;;  port            1    0[COMRAM] unsigned char 
  2001 ;;  logic           1    1[COMRAM] enum E2805
  2002 ;; Auto vars:     Size  Location     Type
  2003 ;;  pinNum          1    5[COMRAM] unsigned char 
  2004 ;;  ret             1    4[COMRAM] unsigned char 
  2005 ;; Return value:  Size  Location     Type
  2006 ;;                  1    wreg      unsigned char 
  2007 ;; Registers used:
  2008 ;;		wreg, status,2, status,0
  2009 ;; Tracked objects:
  2010 ;;		On entry : 0/0
  2011 ;;		On exit  : 0/0
  2012 ;;		Unchanged: 0/0
  2013 ;; Data sizes:     COMRAM   BANK0   BANK1   BANK2   BANK3   BANK4   BANK5   BANK6   BANK7   BANK8   BANK9  BANK10  BANK1
      +1  BANK12  BANK13  BANK14  BANK15
  2014 ;;      Params:         2       0       0       0       0       0       0       0       0       0       0       0       
      +0       0       0       0       0
  2015 ;;      Locals:         2       0       0       0       0       0       0       0       0       0       0       0       
      +0       0       0       0       0
  2016 ;;      Temps:          2       0       0       0       0       0       0       0       0       0       0       0       
      +0       0       0       0       0
  2017 ;;      Totals:         6       0       0       0       0       0       0       0       0       0       0       0       
      +0       0       0       0       0
  2018 ;;Total ram usage:        6 bytes
  2019 ;; Hardware stack levels used: 1
  2020 ;; This function calls:
  2021 ;;		Nothing
  2022 ;; This function is called by:
  2023 ;;		_led_on
  2024 ;;		_led_off
  2025 ;;		_dc_motor_forward
  2026 ;;		_dc_motor_backward
  2027 ;;		_dc_motor_stop
  2028 ;;		_dc_motor_forward_
  2029 ;;		_dc_motor_backward_
  2030 ;;		_dc_motor_stop_
  2031 ;;		_led_init
  2032 ;;		_relay_on
  2033 ;;		_relay_off
  2034 ;; This function uses a non-reentrant model
  2035 ;;
  2036                           
  2037                           	psect	text25
  2038   0000EE                     __ptext25:
  2039                           	callstack 0
  2040   0000EE                     _dio_pin_write_logic:
  2041                           	callstack 24
  2042                           
  2043                           ;incstack = 0
  2044                           ;dio_pin_write_logic@pinNum stored from wreg
  2045   0000EE  6E3B               	movwf	dio_pin_write_logic@pinNum^0,c
  2046   0000F0                     
  2047                           ;MCAL/DIO_Driver/dio.c: 44:     uint8_t ret=(Std_ReturnType)0x01;
  2048   0000F0  0E01               	movlw	1
  2049   0000F2  6E3A               	movwf	dio_pin_write_logic@ret^0,c
  2050   0000F4                     
  2051                           ;MCAL/DIO_Driver/dio.c: 45:     if(pinNum > 7)ret=(Std_ReturnType)0x00;
  2052   0000F4  0E07               	movlw	7
  2053   0000F6  643B               	cpfsgt	dio_pin_write_logic@pinNum^0,c
  2054   0000F8  EF80  F000         	goto	i2u235_41
  2055   0000FC  EF82  F000         	goto	i2u235_40
  2056   000100                     i2u235_41:
  2057   000100  EF7B  F001         	goto	i2l3459
  2058   000104                     i2u235_40:
  2059   000104                     i2l3405:
  2060   000104  0E00               	movlw	0
  2061   000106  6E3A               	movwf	dio_pin_write_logic@ret^0,c
  2062   000108  EF9C  F001         	goto	i2l3461
  2063   00010C                     i2l3407:
  2064                           
  2065                           ;MCAL/DIO_Driver/dio.c: 49:                if(logic == DIO_LOW) (*((volatile uint8_t *)0
      +                          xF89) &= ~((uint8_t)0x01 << pinNum));
  2066   00010C  5037               	movf	dio_pin_write_logic@logic^0,w,c
  2067   00010E  A4D8               	btfss	status,2,c
  2068   000110  EF8C  F000         	goto	i2u236_41
  2069   000114  EF8E  F000         	goto	i2u236_40
  2070   000118                     i2u236_41:
  2071   000118  EF9F  F000         	goto	i2l3411
  2072   00011C                     i2u236_40:
  2073   00011C  C03B  F038         	movff	dio_pin_write_logic@pinNum,??_dio_pin_write_logic
  2074   000120  0E01               	movlw	1
  2075   000122  6E39               	movwf	(??_dio_pin_write_logic+1)^0,c
  2076   000124  2A38               	incf	??_dio_pin_write_logic^0,f,c
  2077   000126  EF97  F000         	goto	i2u237_44
  2078   00012A                     i2u237_45:
  2079   00012A  90D8               	bcf	status,0,c
  2080   00012C  3639               	rlcf	(??_dio_pin_write_logic+1)^0,f,c
  2081   00012E                     i2u237_44:
  2082   00012E  2E38               	decfsz	??_dio_pin_write_logic^0,f,c
  2083   000130  EF95  F000         	goto	i2u237_45
  2084   000134  5039               	movf	(??_dio_pin_write_logic+1)^0,w,c
  2085   000136  0AFF               	xorlw	255
  2086   000138  1689               	andwf	137,f,c	;volatile
  2087   00013A  EF9C  F001         	goto	i2l3461
  2088   00013E                     i2l3411:
  2089   00013E  0437               	decf	dio_pin_write_logic@logic^0,w,c
  2090   000140  A4D8               	btfss	status,2,c
  2091   000142  EFA5  F000         	goto	i2u238_41
  2092   000146  EFA7  F000         	goto	i2u238_40
  2093   00014A                     i2u238_41:
  2094   00014A  EF82  F000         	goto	i2l3405
  2095   00014E                     i2u238_40:
  2096   00014E  C03B  F038         	movff	dio_pin_write_logic@pinNum,??_dio_pin_write_logic
  2097   000152  0E01               	movlw	1
  2098   000154  6E39               	movwf	(??_dio_pin_write_logic+1)^0,c
  2099   000156  2A38               	incf	??_dio_pin_write_logic^0,f,c
  2100   000158  EFB0  F000         	goto	i2u239_44
  2101   00015C                     i2u239_45:
  2102   00015C  90D8               	bcf	status,0,c
  2103   00015E  3639               	rlcf	(??_dio_pin_write_logic+1)^0,f,c
  2104   000160                     i2u239_44:
  2105   000160  2E38               	decfsz	??_dio_pin_write_logic^0,f,c
  2106   000162  EFAE  F000         	goto	i2u239_45
  2107   000166  5039               	movf	(??_dio_pin_write_logic+1)^0,w,c
  2108   000168  1289               	iorwf	137,f,c	;volatile
  2109   00016A  EF9C  F001         	goto	i2l3461
  2110   00016E                     i2l3417:
  2111                           
  2112                           ;MCAL/DIO_Driver/dio.c: 54:                if(logic == DIO_LOW) (*((volatile uint8_t *)0
      +                          xF8A) &= ~((uint8_t)0x01 << pinNum));
  2113   00016E  5037               	movf	dio_pin_write_logic@logic^0,w,c
  2114   000170  A4D8               	btfss	status,2,c
  2115   000172  EFBD  F000         	goto	i2u240_41
  2116   000176  EFBF  F000         	goto	i2u240_40
  2117   00017A                     i2u240_41:
  2118   00017A  EFD0  F000         	goto	i2l3421
  2119   00017E                     i2u240_40:
  2120   00017E  C03B  F038         	movff	dio_pin_write_logic@pinNum,??_dio_pin_write_logic
  2121   000182  0E01               	movlw	1
  2122   000184  6E39               	movwf	(??_dio_pin_write_logic+1)^0,c
  2123   000186  2A38               	incf	??_dio_pin_write_logic^0,f,c
  2124   000188  EFC8  F000         	goto	i2u241_44
  2125   00018C                     i2u241_45:
  2126   00018C  90D8               	bcf	status,0,c
  2127   00018E  3639               	rlcf	(??_dio_pin_write_logic+1)^0,f,c
  2128   000190                     i2u241_44:
  2129   000190  2E38               	decfsz	??_dio_pin_write_logic^0,f,c
  2130   000192  EFC6  F000         	goto	i2u241_45
  2131   000196  5039               	movf	(??_dio_pin_write_logic+1)^0,w,c
  2132   000198  0AFF               	xorlw	255
  2133   00019A  168A               	andwf	138,f,c	;volatile
  2134   00019C  EF9C  F001         	goto	i2l3461
  2135   0001A0                     i2l3421:
  2136   0001A0  0437               	decf	dio_pin_write_logic@logic^0,w,c
  2137   0001A2  A4D8               	btfss	status,2,c
  2138   0001A4  EFD6  F000         	goto	i2u242_41
  2139   0001A8  EFD8  F000         	goto	i2u242_40
  2140   0001AC                     i2u242_41:
  2141   0001AC  EF82  F000         	goto	i2l3405
  2142   0001B0                     i2u242_40:
  2143   0001B0  C03B  F038         	movff	dio_pin_write_logic@pinNum,??_dio_pin_write_logic
  2144   0001B4  0E01               	movlw	1
  2145   0001B6  6E39               	movwf	(??_dio_pin_write_logic+1)^0,c
  2146   0001B8  2A38               	incf	??_dio_pin_write_logic^0,f,c
  2147   0001BA  EFE1  F000         	goto	i2u243_44
  2148   0001BE                     i2u243_45:
  2149   0001BE  90D8               	bcf	status,0,c
  2150   0001C0  3639               	rlcf	(??_dio_pin_write_logic+1)^0,f,c
  2151   0001C2                     i2u243_44:
  2152   0001C2  2E38               	decfsz	??_dio_pin_write_logic^0,f,c
  2153   0001C4  EFDF  F000         	goto	i2u243_45
  2154   0001C8  5039               	movf	(??_dio_pin_write_logic+1)^0,w,c
  2155   0001CA  128A               	iorwf	138,f,c	;volatile
  2156   0001CC  EF9C  F001         	goto	i2l3461
  2157   0001D0                     i2l3427:
  2158                           
  2159                           ;MCAL/DIO_Driver/dio.c: 59:                if(logic == DIO_LOW) (*((volatile uint8_t *)0
      +                          xF8B) &= ~((uint8_t)0x01 << pinNum));
  2160   0001D0  5037               	movf	dio_pin_write_logic@logic^0,w,c
  2161   0001D2  A4D8               	btfss	status,2,c
  2162   0001D4  EFEE  F000         	goto	i2u244_41
  2163   0001D8  EFF0  F000         	goto	i2u244_40
  2164   0001DC                     i2u244_41:
  2165   0001DC  EF01  F001         	goto	i2l3431
  2166   0001E0                     i2u244_40:
  2167   0001E0  C03B  F038         	movff	dio_pin_write_logic@pinNum,??_dio_pin_write_logic
  2168   0001E4  0E01               	movlw	1
  2169   0001E6  6E39               	movwf	(??_dio_pin_write_logic+1)^0,c
  2170   0001E8  2A38               	incf	??_dio_pin_write_logic^0,f,c
  2171   0001EA  EFF9  F000         	goto	i2u245_44
  2172   0001EE                     i2u245_45:
  2173   0001EE  90D8               	bcf	status,0,c
  2174   0001F0  3639               	rlcf	(??_dio_pin_write_logic+1)^0,f,c
  2175   0001F2                     i2u245_44:
  2176   0001F2  2E38               	decfsz	??_dio_pin_write_logic^0,f,c
  2177   0001F4  EFF7  F000         	goto	i2u245_45
  2178   0001F8  5039               	movf	(??_dio_pin_write_logic+1)^0,w,c
  2179   0001FA  0AFF               	xorlw	255
  2180   0001FC  168B               	andwf	139,f,c	;volatile
  2181   0001FE  EF9C  F001         	goto	i2l3461
  2182   000202                     i2l3431:
  2183   000202  0437               	decf	dio_pin_write_logic@logic^0,w,c
  2184   000204  A4D8               	btfss	status,2,c
  2185   000206  EF07  F001         	goto	i2u246_41
  2186   00020A  EF09  F001         	goto	i2u246_40
  2187   00020E                     i2u246_41:
  2188   00020E  EF82  F000         	goto	i2l3405
  2189   000212                     i2u246_40:
  2190   000212  C03B  F038         	movff	dio_pin_write_logic@pinNum,??_dio_pin_write_logic
  2191   000216  0E01               	movlw	1
  2192   000218  6E39               	movwf	(??_dio_pin_write_logic+1)^0,c
  2193   00021A  2A38               	incf	??_dio_pin_write_logic^0,f,c
  2194   00021C  EF12  F001         	goto	i2u247_44
  2195   000220                     i2u247_45:
  2196   000220  90D8               	bcf	status,0,c
  2197   000222  3639               	rlcf	(??_dio_pin_write_logic+1)^0,f,c
  2198   000224                     i2u247_44:
  2199   000224  2E38               	decfsz	??_dio_pin_write_logic^0,f,c
  2200   000226  EF10  F001         	goto	i2u247_45
  2201   00022A  5039               	movf	(??_dio_pin_write_logic+1)^0,w,c
  2202   00022C  128B               	iorwf	139,f,c	;volatile
  2203   00022E  EF9C  F001         	goto	i2l3461
  2204   000232                     i2l3437:
  2205                           
  2206                           ;MCAL/DIO_Driver/dio.c: 64:                if(logic == DIO_LOW) (*((volatile uint8_t *)0
      +                          xF8C) &= ~((uint8_t)0x01 << pinNum));
  2207   000232  5037               	movf	dio_pin_write_logic@logic^0,w,c
  2208   000234  A4D8               	btfss	status,2,c
  2209   000236  EF1F  F001         	goto	i2u248_41
  2210   00023A  EF21  F001         	goto	i2u248_40
  2211   00023E                     i2u248_41:
  2212   00023E  EF32  F001         	goto	i2l3441
  2213   000242                     i2u248_40:
  2214   000242  C03B  F038         	movff	dio_pin_write_logic@pinNum,??_dio_pin_write_logic
  2215   000246  0E01               	movlw	1
  2216   000248  6E39               	movwf	(??_dio_pin_write_logic+1)^0,c
  2217   00024A  2A38               	incf	??_dio_pin_write_logic^0,f,c
  2218   00024C  EF2A  F001         	goto	i2u249_44
  2219   000250                     i2u249_45:
  2220   000250  90D8               	bcf	status,0,c
  2221   000252  3639               	rlcf	(??_dio_pin_write_logic+1)^0,f,c
  2222   000254                     i2u249_44:
  2223   000254  2E38               	decfsz	??_dio_pin_write_logic^0,f,c
  2224   000256  EF28  F001         	goto	i2u249_45
  2225   00025A  5039               	movf	(??_dio_pin_write_logic+1)^0,w,c
  2226   00025C  0AFF               	xorlw	255
  2227   00025E  168C               	andwf	140,f,c	;volatile
  2228   000260  EF9C  F001         	goto	i2l3461
  2229   000264                     i2l3441:
  2230   000264  0437               	decf	dio_pin_write_logic@logic^0,w,c
  2231   000266  A4D8               	btfss	status,2,c
  2232   000268  EF38  F001         	goto	i2u250_41
  2233   00026C  EF3A  F001         	goto	i2u250_40
  2234   000270                     i2u250_41:
  2235   000270  EF82  F000         	goto	i2l3405
  2236   000274                     i2u250_40:
  2237   000274  C03B  F038         	movff	dio_pin_write_logic@pinNum,??_dio_pin_write_logic
  2238   000278  0E01               	movlw	1
  2239   00027A  6E39               	movwf	(??_dio_pin_write_logic+1)^0,c
  2240   00027C  2A38               	incf	??_dio_pin_write_logic^0,f,c
  2241   00027E  EF43  F001         	goto	i2u251_44
  2242   000282                     i2u251_45:
  2243   000282  90D8               	bcf	status,0,c
  2244   000284  3639               	rlcf	(??_dio_pin_write_logic+1)^0,f,c
  2245   000286                     i2u251_44:
  2246   000286  2E38               	decfsz	??_dio_pin_write_logic^0,f,c
  2247   000288  EF41  F001         	goto	i2u251_45
  2248   00028C  5039               	movf	(??_dio_pin_write_logic+1)^0,w,c
  2249   00028E  128C               	iorwf	140,f,c	;volatile
  2250   000290  EF9C  F001         	goto	i2l3461
  2251   000294                     i2l3447:
  2252                           
  2253                           ;MCAL/DIO_Driver/dio.c: 69:                if(logic == DIO_LOW) (*((volatile uint8_t *)0
      +                          xF8D) &= ~((uint8_t)0x01 << pinNum));
  2254   000294  5037               	movf	dio_pin_write_logic@logic^0,w,c
  2255   000296  A4D8               	btfss	status,2,c
  2256   000298  EF50  F001         	goto	i2u252_41
  2257   00029C  EF52  F001         	goto	i2u252_40
  2258   0002A0                     i2u252_41:
  2259   0002A0  EF63  F001         	goto	i2l3451
  2260   0002A4                     i2u252_40:
  2261   0002A4  C03B  F038         	movff	dio_pin_write_logic@pinNum,??_dio_pin_write_logic
  2262   0002A8  0E01               	movlw	1
  2263   0002AA  6E39               	movwf	(??_dio_pin_write_logic+1)^0,c
  2264   0002AC  2A38               	incf	??_dio_pin_write_logic^0,f,c
  2265   0002AE  EF5B  F001         	goto	i2u253_44
  2266   0002B2                     i2u253_45:
  2267   0002B2  90D8               	bcf	status,0,c
  2268   0002B4  3639               	rlcf	(??_dio_pin_write_logic+1)^0,f,c
  2269   0002B6                     i2u253_44:
  2270   0002B6  2E38               	decfsz	??_dio_pin_write_logic^0,f,c
  2271   0002B8  EF59  F001         	goto	i2u253_45
  2272   0002BC  5039               	movf	(??_dio_pin_write_logic+1)^0,w,c
  2273   0002BE  0AFF               	xorlw	255
  2274   0002C0  168D               	andwf	141,f,c	;volatile
  2275   0002C2  EF9C  F001         	goto	i2l3461
  2276   0002C6                     i2l3451:
  2277   0002C6  0437               	decf	dio_pin_write_logic@logic^0,w,c
  2278   0002C8  A4D8               	btfss	status,2,c
  2279   0002CA  EF69  F001         	goto	i2u254_41
  2280   0002CE  EF6B  F001         	goto	i2u254_40
  2281   0002D2                     i2u254_41:
  2282   0002D2  EF82  F000         	goto	i2l3405
  2283   0002D6                     i2u254_40:
  2284   0002D6  C03B  F038         	movff	dio_pin_write_logic@pinNum,??_dio_pin_write_logic
  2285   0002DA  0E01               	movlw	1
  2286   0002DC  6E39               	movwf	(??_dio_pin_write_logic+1)^0,c
  2287   0002DE  2A38               	incf	??_dio_pin_write_logic^0,f,c
  2288   0002E0  EF74  F001         	goto	i2u255_44
  2289   0002E4                     i2u255_45:
  2290   0002E4  90D8               	bcf	status,0,c
  2291   0002E6  3639               	rlcf	(??_dio_pin_write_logic+1)^0,f,c
  2292   0002E8                     i2u255_44:
  2293   0002E8  2E38               	decfsz	??_dio_pin_write_logic^0,f,c
  2294   0002EA  EF72  F001         	goto	i2u255_45
  2295   0002EE  5039               	movf	(??_dio_pin_write_logic+1)^0,w,c
  2296   0002F0  128D               	iorwf	141,f,c	;volatile
  2297   0002F2  EF9C  F001         	goto	i2l3461
  2298   0002F6                     i2l3459:
  2299   0002F6  5036               	movf	dio_pin_write_logic@port^0,w,c
  2300   0002F8  6E38               	movwf	??_dio_pin_write_logic^0,c
  2301   0002FA  6A39               	clrf	(??_dio_pin_write_logic+1)^0,c
  2302                           
  2303                           ; Switch on 2 bytes has been partitioned into a top level switch of size 1, and 1 sub-sw
      +                          itches
  2304                           ; Switch size 1, requested type "simple"
  2305                           ; Number of cases is 1, Range of values is 0 to 0
  2306                           ; switch strategies available:
  2307                           ; Name         Instructions Cycles
  2308                           ; simple_byte            4     3 (average)
  2309                           ;	Chosen strategy is simple_byte
  2310   0002FC  5039               	movf	(??_dio_pin_write_logic+1)^0,w,c
  2311   0002FE  0A00               	xorlw	0	; case 0
  2312   000300  B4D8               	btfsc	status,2,c
  2313   000302  EF85  F001         	goto	i2l3703
  2314   000306  EF82  F000         	goto	i2l3405
  2315   00030A                     i2l3703:
  2316                           
  2317                           ; Switch size 1, requested type "simple"
  2318                           ; Number of cases is 5, Range of values is 65 to 69
  2319                           ; switch strategies available:
  2320                           ; Name         Instructions Cycles
  2321                           ; simple_byte           16     9 (average)
  2322                           ;	Chosen strategy is simple_byte
  2323   00030A  5038               	movf	??_dio_pin_write_logic^0,w,c
  2324   00030C  0A41               	xorlw	65	; case 65
  2325   00030E  B4D8               	btfsc	status,2,c
  2326   000310  EF86  F000         	goto	i2l3407
  2327   000314  0A03               	xorlw	3	; case 66
  2328   000316  B4D8               	btfsc	status,2,c
  2329   000318  EFB7  F000         	goto	i2l3417
  2330   00031C  0A01               	xorlw	1	; case 67
  2331   00031E  B4D8               	btfsc	status,2,c
  2332   000320  EFE8  F000         	goto	i2l3427
  2333   000324  0A07               	xorlw	7	; case 68
  2334   000326  B4D8               	btfsc	status,2,c
  2335   000328  EF19  F001         	goto	i2l3437
  2336   00032C  0A01               	xorlw	1	; case 69
  2337   00032E  B4D8               	btfsc	status,2,c
  2338   000330  EF4A  F001         	goto	i2l3447
  2339   000334  EF82  F000         	goto	i2l3405
  2340   000338                     i2l3461:
  2341                           
  2342                           ;MCAL/DIO_Driver/dio.c: 77:    return ret;
  2343   000338  503A               	movf	dio_pin_write_logic@ret^0,w,c
  2344   00033A  0012               	return		;funcret
  2345   00033C                     __end_of_dio_pin_write_logic:
  2346                           	callstack 0
  2347                           
  2348 ;; *************** function _EUSART_ASYNC_WriteByte *****************
  2349 ;; Defined at:
  2350 ;;		line 60 in file "MCAL/EUSART/eusart.c"
  2351 ;; Parameters:    Size  Location     Type
  2352 ;;  _data           1    wreg     unsigned char 
  2353 ;; Auto vars:     Size  Location     Type
  2354 ;;  _data           1    0[COMRAM] unsigned char 
  2355 ;;  ret             1    0        unsigned char 
  2356 ;; Return value:  Size  Location     Type
  2357 ;;                  1    wreg      unsigned char 
  2358 ;; Registers used:
  2359 ;;		wreg, status,2, status,0
  2360 ;; Tracked objects:
  2361 ;;		On entry : 0/0
  2362 ;;		On exit  : 0/0
  2363 ;;		Unchanged: 0/0
  2364 ;; Data sizes:     COMRAM   BANK0   BANK1   BANK2   BANK3   BANK4   BANK5   BANK6   BANK7   BANK8   BANK9  BANK10  BANK1
      +1  BANK12  BANK13  BANK14  BANK15
  2365 ;;      Params:         0       0       0       0       0       0       0       0       0       0       0       0       
      +0       0       0       0       0
  2366 ;;      Locals:         1       0       0       0       0       0       0       0       0       0       0       0       
      +0       0       0       0       0
  2367 ;;      Temps:          0       0       0       0       0       0       0       0       0       0       0       0       
      +0       0       0       0       0
  2368 ;;      Totals:         1       0       0       0       0       0       0       0       0       0       0       0       
      +0       0       0       0       0
  2369 ;;Total ram usage:        1 bytes
  2370 ;; Hardware stack levels used: 1
  2371 ;; This function calls:
  2372 ;;		Nothing
  2373 ;; This function is called by:
  2374 ;;		_EUSART_RxDefaultInterruptHandler
  2375 ;;		_EUSART_ASYNC_WriteString
  2376 ;; This function uses a non-reentrant model
  2377 ;;
  2378                           
  2379                           	psect	text26
  2380   0006F6                     __ptext26:
  2381                           	callstack 0
  2382   0006F6                     _EUSART_ASYNC_WriteByte:
  2383                           	callstack 25
  2384                           
  2385                           ;incstack = 0
  2386                           ;EUSART_ASYNC_WriteByte@_data stored from wreg
  2387   0006F6  6E36               	movwf	EUSART_ASYNC_WriteByte@_data^0,c
  2388   0006F8                     
  2389                           ;MCAL/EUSART/eusart.c: 70:     ((*((volatile uint8_t *)0xFF2) |= ((uint8_t)0x01 << 7)));
  2390   0006F8  8EF2               	bsf	242,7,c	;volatile
  2391   0006FA                     
  2392                           ;MCAL/EUSART/eusart.c: 71:     if(TXSTAbits.TRMT){
  2393   0006FA  A2AC               	btfss	172,1,c	;volatile
  2394   0006FC  EF82  F003         	goto	i2u23_41
  2395   000700  EF84  F003         	goto	i2u23_40
  2396   000704                     i2u23_41:
  2397   000704  EF87  F003         	goto	i2l992
  2398   000708                     i2u23_40:
  2399   000708                     
  2400                           ;MCAL/EUSART/eusart.c: 73:             ((*((volatile uint8_t *)0xF9D) &= ~((uint8_t)0x01
      +                           << 4)));
  2401   000708  989D               	bcf	157,4,c	;volatile
  2402   00070A                     
  2403                           ;MCAL/EUSART/eusart.c: 75:             *((volatile uint8_t *)0xFAD) = _data;
  2404   00070A  C036  FFAD         	movff	EUSART_ASYNC_WriteByte@_data,4013	;volatile
  2405   00070E                     i2l992:
  2406                           
  2407                           ;MCAL/EUSART/eusart.c: 81:     return ret;
  2408   00070E  0E01               	movlw	1
  2409   000710  0012               	return		;funcret
  2410   000712                     __end_of_EUSART_ASYNC_WriteByte:
  2411                           	callstack 0
  2412                           
  2413 ;; *************** function _EUSART_ASYNC_ReadByte *****************
  2414 ;; Defined at:
  2415 ;;		line 36 in file "MCAL/EUSART/eusart.c"
  2416 ;; Parameters:    Size  Location     Type
  2417 ;;  _data           2    0[COMRAM] PTR unsigned char 
  2418 ;;		 -> rec_uart_data(1), 
  2419 ;; Auto vars:     Size  Location     Type
  2420 ;;  ret             1    0        unsigned char 
  2421 ;; Return value:  Size  Location     Type
  2422 ;;                  1    wreg      unsigned char 
  2423 ;; Registers used:
  2424 ;;		wreg, fsr2l, fsr2h, status,2
  2425 ;; Tracked objects:
  2426 ;;		On entry : 0/0
  2427 ;;		On exit  : 0/0
  2428 ;;		Unchanged: 0/0
  2429 ;; Data sizes:     COMRAM   BANK0   BANK1   BANK2   BANK3   BANK4   BANK5   BANK6   BANK7   BANK8   BANK9  BANK10  BANK1
      +1  BANK12  BANK13  BANK14  BANK15
  2430 ;;      Params:         2       0       0       0       0       0       0       0       0       0       0       0       
      +0       0       0       0       0
  2431 ;;      Locals:         0       0       0       0       0       0       0       0       0       0       0       0       
      +0       0       0       0       0
  2432 ;;      Temps:          0       0       0       0       0       0       0       0       0       0       0       0       
      +0       0       0       0       0
  2433 ;;      Totals:         2       0       0       0       0       0       0       0       0       0       0       0       
      +0       0       0       0       0
  2434 ;;Total ram usage:        2 bytes
  2435 ;; Hardware stack levels used: 1
  2436 ;; This function calls:
  2437 ;;		Nothing
  2438 ;; This function is called by:
  2439 ;;		_EUSART_RxDefaultInterruptHandler
  2440 ;; This function uses a non-reentrant model
  2441 ;;
  2442                           
  2443                           	psect	text27
  2444   0006D6                     __ptext27:
  2445                           	callstack 0
  2446   0006D6                     _EUSART_ASYNC_ReadByte:
  2447                           	callstack 25
  2448   0006D6                     
  2449                           ;MCAL/EUSART/eusart.c: 44:         if(1 == PIR1bits.RCIF){
  2450   0006D6  AA9E               	btfss	158,5,c	;volatile
  2451   0006D8  EF70  F003         	goto	i2u256_41
  2452   0006DC  EF72  F003         	goto	i2u256_40
  2453   0006E0                     i2u256_41:
  2454   0006E0  EF7A  F003         	goto	i2l3485
  2455   0006E4                     i2u256_40:
  2456   0006E4                     
  2457                           ;MCAL/EUSART/eusart.c: 45:             *_data = RCREG;
  2458   0006E4  C036  FFD9         	movff	EUSART_ASYNC_ReadByte@_data,fsr2l
  2459   0006E8  C037  FFDA         	movff	EUSART_ASYNC_ReadByte@_data+1,fsr2h
  2460   0006EC  CFAE FFDF          	movff	4014,indf2	;volatile
  2461   0006F0                     
  2462                           ;MCAL/EUSART/eusart.c: 47:         }
  2463   0006F0  EF7A  F003         	goto	i2l985
  2464   0006F4                     i2l3485:
  2465   0006F4                     i2l985:
  2466   0006F4  0012               	return		;funcret
  2467   0006F6                     __end_of_EUSART_ASYNC_ReadByte:
  2468                           	callstack 0
  2469                           
  2470 ;; *************** function _ADC_ISR *****************
  2471 ;; Defined at:
  2472 ;;		line 56 in file "MCAL/Interrupt/Internal_Interrupt.c"
  2473 ;; Parameters:    Size  Location     Type
  2474 ;;		None
  2475 ;; Auto vars:     Size  Location     Type
  2476 ;;		None
  2477 ;; Return value:  Size  Location     Type
  2478 ;;                  1    wreg      void 
  2479 ;; Registers used:
  2480 ;;		status,2, status,0
  2481 ;; Tracked objects:
  2482 ;;		On entry : 0/0
  2483 ;;		On exit  : 0/0
  2484 ;;		Unchanged: 0/0
  2485 ;; Data sizes:     COMRAM   BANK0   BANK1   BANK2   BANK3   BANK4   BANK5   BANK6   BANK7   BANK8   BANK9  BANK10  BANK1
      +1  BANK12  BANK13  BANK14  BANK15
  2486 ;;      Params:         0       0       0       0       0       0       0       0       0       0       0       0       
      +0       0       0       0       0
  2487 ;;      Locals:         0       0       0       0       0       0       0       0       0       0       0       0       
      +0       0       0       0       0
  2488 ;;      Temps:          0       0       0       0       0       0       0       0       0       0       0       0       
      +0       0       0       0       0
  2489 ;;      Totals:         0       0       0       0       0       0       0       0       0       0       0       0       
      +0       0       0       0       0
  2490 ;;Total ram usage:        0 bytes
  2491 ;; Hardware stack levels used: 1
  2492 ;; This function calls:
  2493 ;;		Nothing
  2494 ;; This function is called by:
  2495 ;;		_InterruptHigh
  2496 ;; This function uses a non-reentrant model
  2497 ;;
  2498                           
  2499                           	psect	text28
  2500   0007B2                     __ptext28:
  2501                           	callstack 0
  2502   0007B2                     _ADC_ISR:
  2503                           	callstack 27
  2504   0007B2                     
  2505                           ;MCAL/Interrupt/Internal_Interrupt.c: 57:     ((*((volatile uint8_t *)0xF9E) &= ~((uint8
      +                          _t)0x01 << 6)));
  2506   0007B2  9C9E               	bcf	158,6,c	;volatile
  2507   0007B4  0012               	return		;funcret
  2508   0007B6                     __end_of_ADC_ISR:
  2509                           	callstack 0
  2510   000000                     
  2511                           	psect	text29
  2512   000000                     __ptext29:
  2513                           	callstack 0
  2514   000000                     
  2515                           	psect	rparam
  2516   000000                     
  2517                           	psect	temp
  2518   000054                     btemp:
  2519                           	callstack 0
  2520   000054                     	ds	1
  2521   000000                     int$flags	set	btemp
  2522   000000                     wtemp8	set	btemp+1
  2523   000000                     ttemp5	set	btemp+1
  2524   000000                     ttemp6	set	btemp+4
  2525   000000                     ttemp7	set	btemp+8
  2526                           
  2527                           	psect	idloc
  2528                           
  2529                           ;Config register IDLOC0 @ 0x200000
  2530                           ;	unspecified, using default values
  2531   200000                     	org	2097152
  2532   200000  FF                 	db	255
  2533                           
  2534                           ;Config register IDLOC1 @ 0x200001
  2535                           ;	unspecified, using default values
  2536   200001                     	org	2097153
  2537   200001  FF                 	db	255
  2538                           
  2539                           ;Config register IDLOC2 @ 0x200002
  2540                           ;	unspecified, using default values
  2541   200002                     	org	2097154
  2542   200002  FF                 	db	255
  2543                           
  2544                           ;Config register IDLOC3 @ 0x200003
  2545                           ;	unspecified, using default values
  2546   200003                     	org	2097155
  2547   200003  FF                 	db	255
  2548                           
  2549                           ;Config register IDLOC4 @ 0x200004
  2550                           ;	unspecified, using default values
  2551   200004                     	org	2097156
  2552   200004  FF                 	db	255
  2553                           
  2554                           ;Config register IDLOC5 @ 0x200005
  2555                           ;	unspecified, using default values
  2556   200005                     	org	2097157
  2557   200005  FF                 	db	255
  2558                           
  2559                           ;Config register IDLOC6 @ 0x200006
  2560                           ;	unspecified, using default values
  2561   200006                     	org	2097158
  2562   200006  FF                 	db	255
  2563                           
  2564                           ;Config register IDLOC7 @ 0x200007
  2565                           ;	unspecified, using default values
  2566   200007                     	org	2097159
  2567   200007  FF                 	db	255
  2568                           
  2569                           	psect	config
  2570                           
  2571                           ; Padding undefined space
  2572   300000                     	org	3145728
  2573   300000  FF                 	db	255
  2574                           
  2575                           ;Config register CONFIG1H @ 0x300001
  2576                           ;	Oscillator Selection bits
  2577                           ;	OSC = HS, HS oscillator
  2578                           ;	Fail-Safe Clock Monitor Enable bit
  2579                           ;	FCMEN = OFF, Fail-Safe Clock Monitor disabled
  2580                           ;	Internal/External Oscillator Switchover bit
  2581                           ;	IESO = OFF, Oscillator Switchover mode disabled
  2582   300001                     	org	3145729
  2583   300001  02                 	db	2
  2584                           
  2585                           ;Config register CONFIG2L @ 0x300002
  2586                           ;	Power-up Timer Enable bit
  2587                           ;	PWRT = OFF, PWRT disabled
  2588                           ;	Brown-out Reset Enable bits
  2589                           ;	BOREN = OFF, Brown-out Reset disabled in hardware and software
  2590                           ;	Brown Out Reset Voltage bits
  2591                           ;	BORV = 1, 
  2592   300002                     	org	3145730
  2593   300002  09                 	db	9
  2594                           
  2595                           ;Config register CONFIG2H @ 0x300003
  2596                           ;	Watchdog Timer Enable bit
  2597                           ;	WDT = OFF, WDT disabled (control is placed on the SWDTEN bit)
  2598                           ;	Watchdog Timer Postscale Select bits
  2599                           ;	WDTPS = 32768, 1:32768
  2600   300003                     	org	3145731
  2601   300003  1E                 	db	30
  2602                           
  2603                           ; Padding undefined space
  2604   300004                     	org	3145732
  2605   300004  FF                 	db	255
  2606                           
  2607                           ;Config register CONFIG3H @ 0x300005
  2608                           ;	CCP2 MUX bit
  2609                           ;	CCP2MX = PORTC, CCP2 input/output is multiplexed with RC1
  2610                           ;	PORTB A/D Enable bit
  2611                           ;	PBADEN = OFF, PORTB<4:0> pins are configured as digital I/O on Reset
  2612                           ;	Low-Power Timer1 Oscillator Enable bit
  2613                           ;	LPT1OSC = OFF, Timer1 configured for higher power operation
  2614                           ;	MCLR Pin Enable bit
  2615                           ;	MCLRE = ON, MCLR pin enabled; RE3 input pin disabled
  2616   300005                     	org	3145733
  2617   300005  81                 	db	129
  2618                           
  2619                           ;Config register CONFIG4L @ 0x300006
  2620                           ;	Stack Full/Underflow Reset Enable bit
  2621                           ;	STVREN = ON, Stack full/underflow will cause Reset
  2622                           ;	Single-Supply ICSP Enable bit
  2623                           ;	LVP = OFF, Single-Supply ICSP disabled
  2624                           ;	Extended Instruction Set Enable bit
  2625                           ;	XINST = OFF, Instruction set extension and Indexed Addressing mode disabled (Legacy mo
      +                          de)
  2626                           ;	Background Debugger Enable bit
  2627                           ;	DEBUG = 0x1, unprogrammed default
  2628   300006                     	org	3145734
  2629   300006  81                 	db	129
  2630                           
  2631                           ; Padding undefined space
  2632   300007                     	org	3145735
  2633   300007  FF                 	db	255
  2634                           
  2635                           ;Config register CONFIG5L @ 0x300008
  2636                           ;	Code Protection bit
  2637                           ;	CP0 = OFF, Block 0 (000800-003FFFh) not code-protected
  2638                           ;	Code Protection bit
  2639                           ;	CP1 = OFF, Block 1 (004000-007FFFh) not code-protected
  2640                           ;	Code Protection bit
  2641                           ;	CP2 = OFF, Block 2 (008000-00BFFFh) not code-protected
  2642                           ;	Code Protection bit
  2643                           ;	CP3 = OFF, Block 3 (00C000-00FFFFh) not code-protected
  2644   300008                     	org	3145736
  2645   300008  0F                 	db	15
  2646                           
  2647                           ;Config register CONFIG5H @ 0x300009
  2648                           ;	Boot Block Code Protection bit
  2649                           ;	CPB = OFF, Boot block (000000-0007FFh) not code-protected
  2650                           ;	Data EEPROM Code Protection bit
  2651                           ;	CPD = OFF, Data EEPROM not code-protected
  2652   300009                     	org	3145737
  2653   300009  C0                 	db	192
  2654                           
  2655                           ;Config register CONFIG6L @ 0x30000A
  2656                           ;	Write Protection bit
  2657                           ;	WRT0 = OFF, Block 0 (000800-003FFFh) not write-protected
  2658                           ;	Write Protection bit
  2659                           ;	WRT1 = OFF, Block 1 (004000-007FFFh) not write-protected
  2660                           ;	Write Protection bit
  2661                           ;	WRT2 = OFF, Block 2 (008000-00BFFFh) not write-protected
  2662                           ;	Write Protection bit
  2663                           ;	WRT3 = OFF, Block 3 (00C000-00FFFFh) not write-protected
  2664   30000A                     	org	3145738
  2665   30000A  0F                 	db	15
  2666                           
  2667                           ;Config register CONFIG6H @ 0x30000B
  2668                           ;	Configuration Register Write Protection bit
  2669                           ;	WRTC = OFF, Configuration registers (300000-3000FFh) not write-protected
  2670                           ;	Boot Block Write Protection bit
  2671                           ;	WRTB = OFF, Boot Block (000000-0007FFh) not write-protected
  2672                           ;	Data EEPROM Write Protection bit
  2673                           ;	WRTD = OFF, Data EEPROM not write-protected
  2674   30000B                     	org	3145739
  2675   30000B  E0                 	db	224
  2676                           
  2677                           ;Config register CONFIG7L @ 0x30000C
  2678                           ;	Table Read Protection bit
  2679                           ;	EBTR0 = OFF, Block 0 (000800-003FFFh) not protected from table reads executed in other
      +                           blocks
  2680                           ;	Table Read Protection bit
  2681                           ;	EBTR1 = OFF, Block 1 (004000-007FFFh) not protected from table reads executed in other
      +                           blocks
  2682                           ;	Table Read Protection bit
  2683                           ;	EBTR2 = OFF, Block 2 (008000-00BFFFh) not protected from table reads executed in other
      +                           blocks
  2684                           ;	Table Read Protection bit
  2685                           ;	EBTR3 = OFF, Block 3 (00C000-00FFFFh) not protected from table reads executed in other
      +                           blocks
  2686   30000C                     	org	3145740
  2687   30000C  0F                 	db	15
  2688                           
  2689                           ;Config register CONFIG7H @ 0x30000D
  2690                           ;	Boot Block Table Read Protection bit
  2691                           ;	EBTRB = OFF, Boot Block (000000-0007FFh) not protected from table reads executed in ot
      +                          her blocks
  2692   30000D                     	org	3145741
  2693   30000D  40                 	db	64
  2694                           tosu	equ	0xFFF
  2695                           tosh	equ	0xFFE
  2696                           tosl	equ	0xFFD
  2697                           stkptr	equ	0xFFC
  2698                           pclatu	equ	0xFFB
  2699                           pclath	equ	0xFFA
  2700                           pcl	equ	0xFF9
  2701                           tblptru	equ	0xFF8
  2702                           tblptrh	equ	0xFF7
  2703                           tblptrl	equ	0xFF6
  2704                           tablat	equ	0xFF5
  2705                           prodh	equ	0xFF4
  2706                           prodl	equ	0xFF3
  2707                           indf0	equ	0xFEF
  2708                           postinc0	equ	0xFEE
  2709                           postdec0	equ	0xFED
  2710                           preinc0	equ	0xFEC
  2711                           plusw0	equ	0xFEB
  2712                           fsr0h	equ	0xFEA
  2713                           fsr0l	equ	0xFE9
  2714                           wreg	equ	0xFE8
  2715                           indf1	equ	0xFE7
  2716                           postinc1	equ	0xFE6
  2717                           postdec1	equ	0xFE5
  2718                           preinc1	equ	0xFE4
  2719                           plusw1	equ	0xFE3
  2720                           fsr1h	equ	0xFE2
  2721                           fsr1l	equ	0xFE1
  2722                           bsr	equ	0xFE0
  2723                           indf2	equ	0xFDF
  2724                           postinc2	equ	0xFDE
  2725                           postdec2	equ	0xFDD
  2726                           preinc2	equ	0xFDC
  2727                           plusw2	equ	0xFDB
  2728                           fsr2h	equ	0xFDA
  2729                           fsr2l	equ	0xFD9
  2730                           status	equ	0xFD8

Data Sizes:
    Strings     0
    Constant    0
    Data        4
    BSS         53
    Persistent  0
    Stack       0

Auto Spaces:
    Space          Size  Autos    Used
    COMRAM          126     26      83
    BANK0           128      0       0
    BANK1           256      0       0
    BANK2           256      0       0
    BANK3           256      0       0
    BANK4           256      0       0
    BANK5           256      0       0
    BANK6           256      0       0
    BANK7           256      0       0
    BANK8           256      0       0
    BANK9           256      0       0
    BANK10          256      0       0
    BANK11          256      0       0
    BANK12          256      0       0
    BANK13          256      0       0
    BANK14          256      0       0
    BANK15          128      0       0

Pointer List with Targets:

    EUSART_ASYNC_RX_Init@_eusart.EUSART_OverrunErrorHandler	PTR FTN()void  size(2) Largest target is 0
		 -> NULL(NULL[0]), 

    EUSART_ASYNC_RX_Init@_eusart.EUSART_FramingErrorHandler	PTR FTN()void  size(2) Largest target is 0
		 -> NULL(NULL[0]), 

    EUSART_ASYNC_RX_Init@_eusart.EUSART_RxDefaultInterruptHandler	PTR FTN()void  size(2) Largest target is 1
		 -> EUSART_RxDefaultInterruptHandler(), 

    EUSART_ASYNC_RX_Init@_eusart.EUSART_TxDefaultInterruptHandler	PTR FTN()void  size(2) Largest target is 0
		 -> NULL(NULL[0]), 

    EUSART_ASYNC_TX_Init@_eusart.EUSART_OverrunErrorHandler	PTR FTN()void  size(2) Largest target is 0
		 -> NULL(NULL[0]), 

    EUSART_ASYNC_TX_Init@_eusart.EUSART_FramingErrorHandler	PTR FTN()void  size(2) Largest target is 0
		 -> NULL(NULL[0]), 

    EUSART_ASYNC_TX_Init@_eusart.EUSART_RxDefaultInterruptHandler	PTR FTN()void  size(2) Largest target is 1
		 -> EUSART_RxDefaultInterruptHandler(), 

    EUSART_ASYNC_TX_Init@_eusart.EUSART_TxDefaultInterruptHandler	PTR FTN()void  size(2) Largest target is 0
		 -> NULL(NULL[0]), 

    EUSART_Baud_Rate_Calculation@_eusart.EUSART_OverrunErrorHandler	PTR FTN()void  size(2) Largest target is 0
		 -> NULL(NULL[0]), 

    EUSART_Baud_Rate_Calculation@_eusart.EUSART_FramingErrorHandler	PTR FTN()void  size(2) Largest target is 0
		 -> NULL(NULL[0]), 

    EUSART_Baud_Rate_Calculation@_eusart.EUSART_RxDefaultInterruptHandler	PTR FTN()void  size(2) Largest target is 1
		 -> EUSART_RxDefaultInterruptHandler(), 

    EUSART_Baud_Rate_Calculation@_eusart.EUSART_TxDefaultInterruptHandler	PTR FTN()void  size(2) Largest target is 0
		 -> NULL(NULL[0]), 

    EUSART_ASYNC_ReadByte@_data	PTR unsigned char  size(2) Largest target is 1
		 -> rec_uart_data(COMRAM[1]), 

    S1027$EUSART_OverrunErrorHandler	PTR FTN()void  size(2) Largest target is 0
		 -> NULL(NULL[0]), 

    usart_obj.EUSART_OverrunErrorHandler	PTR FTN()void  size(2) Largest target is 0
		 -> NULL(NULL[0]), 

    S1027$EUSART_FramingErrorHandler	PTR FTN()void  size(2) Largest target is 0
		 -> NULL(NULL[0]), 

    usart_obj.EUSART_FramingErrorHandler	PTR FTN()void  size(2) Largest target is 0
		 -> NULL(NULL[0]), 

    S1027$EUSART_RxDefaultInterruptHandler	PTR FTN()void  size(2) Largest target is 1
		 -> EUSART_RxDefaultInterruptHandler(), 

    usart_obj.EUSART_RxDefaultInterruptHandler	PTR FTN()void  size(2) Largest target is 1
		 -> EUSART_RxDefaultInterruptHandler(), 

    S1027$EUSART_TxDefaultInterruptHandler	PTR FTN()void  size(2) Largest target is 0
		 -> NULL(NULL[0]), 

    usart_obj.EUSART_TxDefaultInterruptHandler	PTR FTN()void  size(2) Largest target is 0
		 -> NULL(NULL[0]), 

    EUSART_OverrunErrorHandler	PTR FTN()void  size(2) Largest target is 1
		 -> Absolute function(), NULL(NULL[0]), 

    EUSART_FramingErrorHandler	PTR FTN()void  size(2) Largest target is 1
		 -> Absolute function(), NULL(NULL[0]), 

    EUSART_RxInterruptHandler	PTR FTN()void  size(2) Largest target is 1
		 -> EUSART_RxDefaultInterruptHandler(), Absolute function(), 

    EUSART_TxInterruptHandler	PTR FTN()void  size(2) Largest target is 1
		 -> Absolute function(), NULL(NULL[0]), 

    Timer3_InterruptHandler	PTR FTN()void  size(2) Largest target is 1
		 -> Absolute function(), 

    Timer2_InterruptHandler	PTR FTN()void  size(2) Largest target is 1
		 -> Absolute function(), 

    Timer1_InterruptHandler	PTR FTN()void  size(2) Largest target is 1
		 -> Absolute function(), 

    Timer0_InterruptHandler	PTR FTN()void  size(2) Largest target is 1
		 -> Absolute function(), 

    ADC_InterruptHandler	PTR FTN()void  size(2) Largest target is 1
		 -> Absolute function(), 

    RB7_InterruptHandlerLow	PTR FTN()void  size(2) Largest target is 1
		 -> Absolute function(), 

    RB7_InterruptHandlerHigh	PTR FTN()void  size(2) Largest target is 1
		 -> Absolute function(), 

    RB6_InterruptHandlerLow	PTR FTN()void  size(2) Largest target is 1
		 -> Absolute function(), 

    RB6_InterruptHandlerHigh	PTR FTN()void  size(2) Largest target is 1
		 -> Absolute function(), 

    RB5_InterruptHandlerLow	PTR FTN()void  size(2) Largest target is 1
		 -> Absolute function(), 

    RB5_InterruptHandlerHigh	PTR FTN()void  size(2) Largest target is 1
		 -> Absolute function(), 

    RB4_InterruptHandlerLow	PTR FTN()void  size(2) Largest target is 1
		 -> Absolute function(), 

    RB4_InterruptHandlerHigh	PTR FTN()void  size(2) Largest target is 1
		 -> Absolute function(), 

    INT2_InterruptHandler	PTR FTN()void  size(2) Largest target is 1
		 -> Absolute function(), 

    INT1_InterruptHandler	PTR FTN()void  size(2) Largest target is 1
		 -> Absolute function(), 

    INT0_InterruptHandler	PTR FTN()void  size(2) Largest target is 1
		 -> Absolute function(), 


Critical Paths under _main in COMRAM

    None.

Critical Paths under _InterruptLow in COMRAM

    None.

Critical Paths under _InterruptHigh in COMRAM

    _EUSART_RX_ISR->_EUSART_RxDefaultInterruptHandler
    _EUSART_RxDefaultInterruptHandler->_led_off
    _EUSART_RxDefaultInterruptHandler->_led_on
    _led_on->_dio_pin_write_logic
    _led_off->_dio_pin_write_logic

Critical Paths under _main in BANK0

    None.

Critical Paths under _InterruptLow in BANK0

    None.

Critical Paths under _InterruptHigh in BANK0

    None.

Critical Paths under _main in BANK1

    None.

Critical Paths under _InterruptLow in BANK1

    None.

Critical Paths under _InterruptHigh in BANK1

    None.

Critical Paths under _main in BANK2

    None.

Critical Paths under _InterruptLow in BANK2

    None.

Critical Paths under _InterruptHigh in BANK2

    None.

Critical Paths under _main in BANK3

    None.

Critical Paths under _InterruptLow in BANK3

    None.

Critical Paths under _InterruptHigh in BANK3

    None.

Critical Paths under _main in BANK4

    None.

Critical Paths under _InterruptLow in BANK4

    None.

Critical Paths under _InterruptHigh in BANK4

    None.

Critical Paths under _main in BANK5

    None.

Critical Paths under _InterruptLow in BANK5

    None.

Critical Paths under _InterruptHigh in BANK5

    None.

Critical Paths under _main in BANK6

    None.

Critical Paths under _InterruptLow in BANK6

    None.

Critical Paths under _InterruptHigh in BANK6

    None.

Critical Paths under _main in BANK7

    None.

Critical Paths under _InterruptLow in BANK7

    None.

Critical Paths under _InterruptHigh in BANK7

    None.

Critical Paths under _main in BANK8

    None.

Critical Paths under _InterruptLow in BANK8

    None.

Critical Paths under _InterruptHigh in BANK8

    None.

Critical Paths under _main in BANK9

    None.

Critical Paths under _InterruptLow in BANK9

    None.

Critical Paths under _InterruptHigh in BANK9

    None.

Critical Paths under _main in BANK10

    None.

Critical Paths under _InterruptLow in BANK10

    None.

Critical Paths under _InterruptHigh in BANK10

    None.

Critical Paths under _main in BANK11

    None.

Critical Paths under _InterruptLow in BANK11

    None.

Critical Paths under _InterruptHigh in BANK11

    None.

Critical Paths under _main in BANK12

    None.

Critical Paths under _InterruptLow in BANK12

    None.

Critical Paths under _InterruptHigh in BANK12

    None.

Critical Paths under _main in BANK13

    None.

Critical Paths under _InterruptLow in BANK13

    None.

Critical Paths under _InterruptHigh in BANK13

    None.

Critical Paths under _main in BANK14

    None.

Critical Paths under _InterruptLow in BANK14

    None.

Critical Paths under _InterruptHigh in BANK14

    None.

Critical Paths under _main in BANK15

    None.

Critical Paths under _InterruptLow in BANK15

    None.

Critical Paths under _InterruptHigh in BANK15

    None.

Call Graph Tables:

 ---------------------------------------------------------------------------------
 (Depth) Function   	        Calls       Base Space   Used Autos Params    Refs
 ---------------------------------------------------------------------------------
 (0) _main                                                 0     0      0       0
 ---------------------------------------------------------------------------------
 Estimated maximum stack depth 0
 ---------------------------------------------------------------------------------
 (Depth) Function   	        Calls       Base Space   Used Autos Params    Refs
 ---------------------------------------------------------------------------------
 (1) _InterruptLow                                         4     4      0       0
                                             22 COMRAM     4     4      0
                           _INT1_ISR
                       _RB4_ISR_High
                        _RB4_ISR_Low
                         _Timer0_ISR
                         _Timer1_ISR
                         _Timer2_ISR
 ---------------------------------------------------------------------------------
 (2) _Timer2_ISR                                           0     0      0       0
 ---------------------------------------------------------------------------------
 (2) _Timer1_ISR                                           0     0      0       0
 ---------------------------------------------------------------------------------
 (2) _Timer0_ISR                                           0     0      0       0
 ---------------------------------------------------------------------------------
 (2) _RB4_ISR_Low                                          0     0      0       0
 ---------------------------------------------------------------------------------
 (2) _RB4_ISR_High                                         0     0      0       0
 ---------------------------------------------------------------------------------
 (2) _INT1_ISR                                             0     0      0       0
 ---------------------------------------------------------------------------------
 Estimated maximum stack depth 2
 ---------------------------------------------------------------------------------
 (Depth) Function   	        Calls       Base Space   Used Autos Params    Refs
 ---------------------------------------------------------------------------------
 (3) _InterruptHigh                                        6     6      0    6760
                                             16 COMRAM     6     6      0
                            _ADC_ISR
                      _EUSART_RX_ISR
                      _EUSART_TX_ISR
                           _INT0_ISR
                           _INT2_ISR
                       _RB5_ISR_High
                        _RB5_ISR_Low
                       _RB6_ISR_High
                        _RB6_ISR_Low
                       _RB7_ISR_High
                        _RB7_ISR_Low
                       i2_Timer0_ISR
                       i2_Timer1_ISR
                       i2_Timer2_ISR
 ---------------------------------------------------------------------------------
 (4) i2_Timer2_ISR                                         0     0      0       0
 ---------------------------------------------------------------------------------
 (4) i2_Timer1_ISR                                         0     0      0       0
 ---------------------------------------------------------------------------------
 (4) i2_Timer0_ISR                                         0     0      0       0
 ---------------------------------------------------------------------------------
 (4) _RB7_ISR_Low                                          0     0      0       0
 ---------------------------------------------------------------------------------
 (4) _RB7_ISR_High                                         0     0      0       0
 ---------------------------------------------------------------------------------
 (4) _RB6_ISR_Low                                          0     0      0       0
 ---------------------------------------------------------------------------------
 (4) _RB6_ISR_High                                         0     0      0       0
 ---------------------------------------------------------------------------------
 (4) _RB5_ISR_Low                                          0     0      0       0
 ---------------------------------------------------------------------------------
 (4) _RB5_ISR_High                                         0     0      0       0
 ---------------------------------------------------------------------------------
 (4) _INT2_ISR                                             0     0      0       0
 ---------------------------------------------------------------------------------
 (4) _INT0_ISR                                             0     0      0       0
 ---------------------------------------------------------------------------------
 (4) _EUSART_TX_ISR                                        0     0      0       0
 ---------------------------------------------------------------------------------
 (4) _EUSART_RX_ISR                                        0     0      0    6760
                   Absolute function *
   _EUSART_RxDefaultInterruptHandler *
 ---------------------------------------------------------------------------------
 (5) _EUSART_RxDefaultInterruptHandler                     9     9      0    6760
                                              8 COMRAM     8     8      0
              _EUSART_ASYNC_ReadByte
             _EUSART_ASYNC_WriteByte
                            _led_off
                             _led_on
 ---------------------------------------------------------------------------------
 (6) _led_on                                               2     1      1    3218
                                              6 COMRAM     2     1      1
                _dio_pin_write_logic
 ---------------------------------------------------------------------------------
 (6) _led_off                                              2     1      1    3218
                                              6 COMRAM     2     1      1
                _dio_pin_write_logic
 ---------------------------------------------------------------------------------
 (7) _dio_pin_write_logic                                  6     4      2    3098
                                              0 COMRAM     6     4      2
 ---------------------------------------------------------------------------------
 (6) _EUSART_ASYNC_WriteByte                               2     2      0      30
                                              0 COMRAM     1     1      0
 ---------------------------------------------------------------------------------
 (6) _EUSART_ASYNC_ReadByte                                3     1      2     107
                                              0 COMRAM     2     0      2
 ---------------------------------------------------------------------------------
 (5) Absolute function(Fake)                               0     0      0       0
 ---------------------------------------------------------------------------------
 (4) _ADC_ISR                                              0     0      0       0
 ---------------------------------------------------------------------------------
 Estimated maximum stack depth 7
 ---------------------------------------------------------------------------------

 Call Graph Graphs:

 _main (ROOT)

 _InterruptLow (ROOT)
   _INT1_ISR
   _RB4_ISR_High
   _RB4_ISR_Low
   _Timer0_ISR
   _Timer1_ISR
   _Timer2_ISR

 _InterruptHigh (ROOT)
   _ADC_ISR
   _EUSART_RX_ISR
     Absolute function(Fake) *
     _EUSART_RxDefaultInterruptHandler *
       _EUSART_ASYNC_ReadByte
       _EUSART_ASYNC_WriteByte
       _led_off
         _dio_pin_write_logic
       _led_on
         _dio_pin_write_logic
   _EUSART_TX_ISR
   _INT0_ISR
   _INT2_ISR
   _RB5_ISR_High
   _RB5_ISR_Low
   _RB6_ISR_High
   _RB6_ISR_Low
   _RB7_ISR_High
   _RB7_ISR_Low
   i2_Timer0_ISR
   i2_Timer1_ISR
   i2_Timer2_ISR

 Address spaces:
Name               Size   Autos  Total    Cost      Usage
BIGRAM             F7F      0       0      49        0.0%
EEDATA             400      0       0       0        0.0%
BITBANK14          100      0       0      33        0.0%
BANK14             100      0       0      34        0.0%
BITBANK13          100      0       0      31        0.0%
BANK13             100      0       0      32        0.0%
BITBANK12          100      0       0      29        0.0%
BANK12             100      0       0      30        0.0%
BITBANK11          100      0       0      27        0.0%
BANK11             100      0       0      28        0.0%
BITBANK10          100      0       0      25        0.0%
BANK10             100      0       0      26        0.0%
BITBANK9           100      0       0      23        0.0%
BANK9              100      0       0      24        0.0%
BITBANK8           100      0       0      21        0.0%
BANK8              100      0       0      22        0.0%
BITBANK7           100      0       0      19        0.0%
BANK7              100      0       0      20        0.0%
BITBANK6           100      0       0      17        0.0%
BANK6              100      0       0      18        0.0%
BITBANK5           100      0       0      15        0.0%
BANK5              100      0       0      16        0.0%
BITBANK4           100      0       0      13        0.0%
BANK4              100      0       0      14        0.0%
BITBANK3           100      0       0      10        0.0%
BANK3              100      0       0      11        0.0%
BITBANK2           100      0       0       8        0.0%
BANK2              100      0       0       9        0.0%
BITBANK1           100      0       0       6        0.0%
BANK1              100      0       0       7        0.0%
BITBANK15           80      0       0      35        0.0%
BANK15              80      0       0      36        0.0%
BITBANK0            80      0       0       4        0.0%
BANK0               80      0       0       5        0.0%
BITCOMRAM           7E      0       0       0        0.0%
COMRAM              7E     1A      53       1       65.9%
BITBIGSFRhhh        2A      0       0      37        0.0%
BITBIGSFRllll       14      0       0      48        0.0%
BITBIGSFRlllhh       C      0       0      46        0.0%
BITBIGSFRlllhl       8      0       0      47        0.0%
BITBIGSFRlhh         7      0       0      42        0.0%
BITBIGSFRhhlh        7      0       0      38        0.0%
BITBIGSFRhhlll       7      0       0      40        0.0%
BITBIGSFRlhl         4      0       0      43        0.0%
BITBIGSFRllhh        3      0       0      44        0.0%
BITBIGSFRhhllh       2      0       0      39        0.0%
BITBIGSFRllhl        1      0       0      45        0.0%
BITBIGSFRhl          1      0       0      41        0.0%
BIGSFR               0      0       0     200        0.0%
BITSFR               0      0       0     200        0.0%
SFR                  0      0       0     200        0.0%
STACK                0      0       0       2        0.0%
NULL                 0      0       0       0        0.0%
ABS                  0      0      53      12        0.0%
DATA                 0      0      53       3        0.0%
CODE                 0      0       0       0        0.0%


Microchip Technology PIC18 Macro Assembler V2.40 build 20220703182018 
Symbol Table                                                                                   Sat Dec 02 04:28:34 2023

                                       _x 0005                                         _y 0003  
                                       _z 0001                   ?_EUSART_ASYNC_WriteByte 0036  
                                      bsr 000FE0                              ?_RB4_ISR_Low 0036  
                            ?_RB5_ISR_Low 0036                                       l937 0766  
                                     l938 0766                       _dio_pin_write_logic 00EE  
                            ?_RB6_ISR_Low 0036                           __end_of_ADC_ISR 07B6  
                                     tosl 000FFD                                       wreg 000FE8  
                            ?_RB7_ISR_Low 0036                             ?_RB4_ISR_High 0036  
                           ?_RB5_ISR_High 0036                                      i2l83 0722  
                                    i2l87 0734                                      _TMR3 000FB2  
                           ?_RB6_ISR_High 0036                  _RB4_InterruptHandlerHigh 0031  
                                    _main 0766                  _RB7_InterruptHandlerHigh 0025  
                                    fsr2h 000FDA                                      indf2 000FDF  
                                    fsr1l 000FE1                                      fsr2l 000FD9  
                                    btemp 0054                      ?_dio_pin_write_logic 0036  
                             led_off@port 003C                             ?_RB7_ISR_High 0036  
                                    start 00EA            __end_of_EUSART_ASYNC_WriteByte 0712  
                            ___param_bank 000000                          __end_of_INT0_ISR 07AE  
                        __end_of_INT1_ISR 078E                          __end_of_INT2_ISR 07AA  
                           _EUSART_RX_ISR 06A4                             _EUSART_TX_ISR 07AE  
                                   ?_main 0036                                     i1l508 078C  
                                   i1l570 0788                                     i1l574 0784  
                                   i1l663 074C                                     i1l671 0774  
                                   i2l256 033A                                     i2l504 07AC  
                                   i2l512 07A8                                     i1l761 00DA  
                                   i1l667 0740                                     i1l758 00B0  
                                   i2l582 07A0                                     i2l590 0798  
                                   i2l742 04EC                                     i2l663 0764  
                                   i2l671 077C                                     i2l680 07B0  
                                   i2l736 0426                                     i2l745 0560  
                                   i2l578 07A4                                     i2l586 079C  
                                   i2l594 0794                                     i2l659 07B4  
                                   i2l667 0758                                     i2l739 048E  
                                   i2l749 0560                                     i2l598 0790  
                                   i2l929 0668                                     i2l689 06D4  
                                   i2l992 070E                                     i2l985 06F4  
                                   i2l993 0710                                     _RCREG 000FAE  
                          ??_RB4_ISR_High 004C                           __end_of_led_off 0736  
                          ??_RB5_ISR_High 0036                              led_on@pinNum 003D  
                                   pclath 000FFA                            ??_RB6_ISR_High 0036  
                                   pclatu 000FFB                                     tablat 000FF5  
                              __XTAL_FREQ 0050                                     ttemp5 0055  
                                   ttemp6 0058                                     ttemp7 005C  
                                   status 000FD8                     ??_dio_pin_write_logic 0038  
                                   wtemp8 0055                            ??_RB7_ISR_High 0036  
                         __initialization 066A                              __end_of_main 076E  
                               ??_ADC_ISR 0036                            ?_EUSART_RX_ISR 0036  
                          ?_EUSART_TX_ISR 0036                                    ??_main 0050  
                           __activetblptr 000002                _EUSART_OverrunErrorHandler 000B  
                                  i1l2221 0782                                    i1l3021 004E  
                                  i1l3031 0082                                    i1l3023 0052  
                                  i1l3015 0026                                    i1l2129 078A  
                                  i1l2217 0786                                    i1l3033 0090  
                                  i1l3025 006C                                    i1l3017 003C  
                                  i1l3035 00A8                                    i1l3027 0070  
                                  i1l3019 0040                                    i1l3037 00BE  
                                  i1l3029 007E                                    i1l2271 0748  
                                  i1l3039 00D6                                    i1l2267 0742  
                                  i1l2275 0736                                    i1l2283 076E  
                                  i1l2269 0744                                    i1l2277 0738  
                                  i1l2285 0770                                    i1l2279 073C  
                                  i2l2125 07AA                                    i2l2133 07A6  
                                  i2l2311 0760                                    i2l2225 07A2  
                                  i2l2233 079A                                    i2l2241 0792  
                                  i2l2307 075A                                    i2l2315 074E  
                                  i2l2323 0776                                    i2l2229 079E  
                                  i2l2237 0796                                    i2l2245 078E  
                                  i2l2309 075C                                    i2l2317 0750  
                                  i2l2325 0778                                    i2l2263 07B2  
                                  i2l2319 0754                                    i2l3401 00F0  
                                  i2l1811 06F8                                    i2l3411 013E  
                                  i2l3403 00F4                                    i2l1813 06FA  
                                  i2l3421 01A0                                    i2l3413 014E  
                                  i2l3405 0104                                    i2l1815 0708  
                                  i2l3431 0202                                    i2l3423 01B0  
                                  i2l3407 010C                                    i2l3511 05B6  
                                  i2l1817 070A                                    i2l1809 06F8  
                                  i2l3441 0264                                    i2l3433 0212  
                                  i2l3417 016E                                    i2l3409 011C  
                                  i2l3521 0608                                    i2l3513 05BA  
                                  i2l3505 05AE                                    i2l2289 07AE  
                                  i2l1819 070E                                    i2l3451 02C6  
                                  i2l3443 0274                                    i2l3427 01D0  
                                  i2l3419 017E                                    i2l3523 0618  
                                  i2l3515 05D6                                    i2l3453 02D6  
                                  i2l3437 0232                                    i2l3429 01E0  
                                  i2l3461 0338                                    i2l3541 064C  
                                  i2l3517 05DA                                    i2l3621 037A  
                                  i2l3613 034E                                    i2l3703 030A  
                                  i2l3447 0294                                    i2l3439 0242  
                                  i2l3535 0628                                    i2l3519 05F6  
                                  i2l3543 06A4                                    i2l3631 03C8  
                                  i2l3623 0394                                    i2l3615 0364  
                                  i2l3481 06E4                                    i2l3449 02A4  
                                  i2l3473 0726                                    i2l3537 062C  
                                  i2l3529 0620                                    i2l3545 06B6  
                                  i2l3641 041E                                    i2l3633 03CC  
                                  i2l3625 0398                                    i2l3617 0368  
                                  i2l3483 06F0                                    i2l3459 02F6  
                                  i2l3539 0648                                    i2l3491 0578  
                                  i2l3547 06D4                                    i2l3651 0486  
                                  i2l3643 0434                                    i2l3635 03EC  
                                  i2l3627 03AE                                    i2l3619 0376  
                                  i2l3485 06F4                                    i2l3477 06D6  
                                  i2l3469 0714                                    i2l3493 0578  
                                  i2l3661 04E4                                    i2l3653 049C  
                                  i2l3645 0454                                    i2l3637 03F0  
                                  i2l3629 03B2                                    i2l3479 06D6  
                                  i2l3495 0584                                    i2l3671 0538  
                                  i2l3663 04FA                                    i2l3655 04BC  
                                  i2l3647 0458                                    i2l3639 03FE  
                                  i2l3497 0596                                    i2l3489 0574  
                                  i2l3673 0558                                    i2l3665 0510  
                                  i2l3657 04C0                                    i2l3649 0466  
                                  i2l3499 05A6                                    i2l3667 0518  
                                  i2l3659 04CE                                    i2l3669 0530  
  EUSART_RxDefaultInterruptHandler@i_1056 0042    EUSART_RxDefaultInterruptHandler@j_1057 0044  
                          _Timer0_Preload 0009                             ?_InterruptLow 0036  
                          _Timer1_Preload 0007                            _Timer2_Preload 0034  
                 _RB6_InterruptHandlerLow 0027                            _Timer3_Preload 0033  
                              _Timer0_ISR 0742                                _Timer1_ISR 0736  
                              _Timer2_ISR 076E                                    _led_on 0712  
                                  clear_0 0690                                    isa$std 000001  
                               ??_led_off 003D                   ??_EUSART_ASYNC_ReadByte 0038  
                           led_off@pinNum 003D                              __pdataCOMRAM 0050  
                                  tblptrh 000FF7                                    tblptrl 000FF6  
                                  tblptru 000FF8                   _Timer0_InterruptHandler 0019  
                          ??_InterruptLow 004C                                __accesstop 0080  
                 __end_of__initialization 0696                                 ?_INT0_ISR 0036  
                               ?_INT1_ISR 0036                                 ?_INT2_ISR 0036  
                           ___rparam_used 000001                      __end_of_RB4_ISR_High 078A  
                          __pcstackCOMRAM 0036                           ??_EUSART_RX_ISR 0046  
                         ??_EUSART_TX_ISR 0036                      __end_of_RB5_ISR_High 07A6  
                    __end_of_RB6_ISR_High 079E                      __end_of_RB7_ISR_High 0796  
                           _InterruptHigh 0008                     _INT0_InterruptHandler 0021  
                              ??_INT0_ISR 0036                                ??_INT1_ISR 004C  
                              ??_INT2_ISR 0036                   dio_pin_write_logic@port 0036  
                             ?_Timer0_ISR 0036                               ?_Timer1_ISR 0036  
                             ?_Timer2_ISR 0036                                   ?_led_on 003C  
                                 _ADC_ISR 07B2                                   i2u23_40 0708  
                                 i2u23_41 0704                                 _ADCON0BIT 000FC2  
                               _ADCON2BIT 000FC0                            ?_InterruptHigh 0036  
                _RB6_InterruptHandlerHigh 0029                      _ADC_InterruptHandler 001B  
                                 __Hparam 0000                                   __Lparam 0000  
                 _Timer1_InterruptHandler 0017                                   __pcinit 066A  
                                 __ramtop 1000                             _rec_uart_data 0035  
                                 __ptext0 0766                                   __ptext2 076E  
                                 __ptext3 0736                                   __ptext4 0742  
                                 __ptext5 0782                                   __ptext6 0786  
                                 __ptext7 078A                                   __ptext9 0776  
                    __end_of_InterruptLow 00EA                                   _led_off 0724  
             __end_of_dio_pin_write_logic 033C               EUSART_ASYNC_WriteByte@_data 0036  
                          __pintcode_body 033C                      end_of_initialization 0696  
                           __Lmediumconst 0000                                   int_func 033C  
                               _RCSTAbits 000FAB                                   postdec1 000FE5  
                                 postinc0 000FEE                     _INT1_InterruptHandler 001F  
                               _TRISCbits 000F94             __end_of_EUSART_ASYNC_ReadByte 06F6  
                         ??_InterruptHigh 0046                              _RB4_ISR_High 0786  
                            _RB5_ISR_High 07A2                  ??_EUSART_ASYNC_WriteByte 0036  
                            _RB6_ISR_High 079A                EUSART_ASYNC_ReadByte@_data 0036  
                               _TXSTAbits 000FAC                   _RB4_InterruptHandlerLow 002F  
                            _RB7_ISR_High 0792                   _RB7_InterruptHandlerLow 0023  
                              led_on@port 003C                             ?i2_Timer0_ISR 0036  
                           ?i2_Timer1_ISR 0036                             ?i2_Timer2_ISR 0036  
                             _BAUDCONbits 000FB8                             __pidataCOMRAM 077E  
                           ??_RB4_ISR_Low 004C                            __end_of_led_on 0724  
                           ??_RB5_ISR_Low 0036                             ??_RB6_ISR_Low 0036  
                           ??_RB7_ISR_Low 0036                       start_initialization 066A  
                 _Timer2_InterruptHandler 0015                 _EUSART_RxInterruptHandler 000F  
                          ??i2_Timer0_ISR 0036                            ??i2_Timer1_ISR 0036  
                          ??i2_Timer2_ISR 0036                              ??_Timer0_ISR 004C  
                            ??_Timer1_ISR 004C                              ??_Timer2_ISR 004C  
              _EUSART_FramingErrorHandler 000D                                  ??_led_on 003D  
                                ?_ADC_ISR 0036                     __end_of_EUSART_RX_ISR 06D6  
                   __end_of_EUSART_TX_ISR 07B2                               __pbssCOMRAM 0001  
                     __end_of_RB4_ISR_Low 0786                        __end_of_Timer0_ISR 074E  
                     __end_of_RB5_ISR_Low 07A2                        __end_of_Timer1_ISR 0742  
                      __end_of_Timer2_ISR 0776                       __end_of_RB6_ISR_Low 079A  
                     __end_of_RB7_ISR_Low 0792                     _INT2_InterruptHandler 001D  
     fp__EUSART_RxDefaultInterruptHandler 0000  __end_of_EUSART_RxDefaultInterruptHandler 066A  
      ??_EUSART_RxDefaultInterruptHandler 003E         ?_EUSART_RxDefaultInterruptHandler 0036  
        _EUSART_RxDefaultInterruptHandler 0574                              _InterruptLow 0018  
                dio_pin_write_logic@logic 0037                    dio_pin_write_logic@ret 003A  
                               __pintcode 0008                               __pintcodelo 0018  
                                ?_led_off 003C                                  _T0CONBIT 000FD5  
                                _T1CONBIT 000FCD                                  _T2CONBIT 000FCA  
                _RB5_InterruptHandlerHigh 002D                                  _INT0_ISR 07AA  
                                _INT1_ISR 078A                                  _INT2_ISR 07A6  
                                _PIE1bits 000F9D                                  i1u190_20 007E  
                                i1u190_21 007A                                  i1u191_20 0090  
                                i1u191_21 008C                                  i1u192_20 00A8  
                                i1u192_21 00A4                                  i1u193_20 00BE  
                                i1u193_21 00BA                                  i1u194_20 00D6  
                                i1u194_21 00D2                                  i1u187_20 003C  
                                i1u187_21 0038                                  i1u188_20 004E  
                                i1u188_21 004A                                  i1u189_20 006C  
                                i2u300_45 0540                                  i1u189_21 0068  
                                i2u301_40 0558                                  i2u301_41 0554  
                                i2u240_40 017E                                  i2u240_41 017A  
                                i2u241_44 0190                                  i2u241_45 018C  
                                i2u250_40 0274                                  i2u242_40 01B0  
                                i2u250_41 0270                                  i2u242_41 01AC  
                                i2u235_40 0104                                  i2u235_41 0100  
                                i2u251_44 0286                                  i2u243_44 01C2  
                                i2u251_45 0282                                  i2u243_45 01BE  
                                i2u252_40 02A4                                  i2u244_40 01E0  
                                i2u236_40 011C                                  i2u260_40 0608  
                                i2u252_41 02A0                                  i2u244_41 01DC  
                                i2u236_41 0118                                  i2u260_41 0604  
                                i2u261_40 0648                                  i2u261_41 0644  
                                i2u253_44 02B6                                  i2u245_44 01F2  
                                i2u237_44 012E                                  i2u253_45 02B2  
                                i2u245_45 01EE                                  i2u237_45 012A  
                                i2u254_40 02D6                                  i2u246_40 0212  
                                i2u238_40 014E                                  i2u262_40 0668  
                                i2u254_41 02D2                                  i2u246_41 020E  
                                i2u238_41 014A                                  i2u262_41 0664  
                                i2u263_40 06B6                                  i2u263_41 06B2  
                                i2u255_44 02E8                                  i2u247_44 0224  
                                i2u239_44 0160                                  i2u255_45 02E4  
                                i2u247_45 0220                                  i2u239_45 015C  
                                i2u256_40 06E4                                  i2u248_40 0242  
                                i2u280_40 03EC                                  i2u256_41 06E0  
                                i2u248_41 023E                                  i2u280_41 03E8  
                                i2u257_40 0596                                  i2u264_48 06BC  
                                i2u281_40 03FE                                  i2u257_41 0592  
                                i2u264_49 06D0                                  i2u281_41 03FA  
                                _PIR1bits 000F9E                                  i2u249_44 0254  
                                i2u249_45 0250                                  i2u258_40 05D6  
                                i2u290_40 049C                                  i2u274_40 0364  
                                i2u258_41 05D2                                  i2u290_41 0498  
                                i2u274_41 0360                                  i2u282_45 0406  
                                i2u259_40 05F6                                  i2u283_40 041E  
                                i2u275_40 0376                                  i2u259_41 05F2  
                                i2u283_41 041A                                  i2u275_41 0372  
                                i2u291_45 04A4                                  i2u292_40 04BC  
                                i2u284_40 0434                                  i2u276_40 0394  
                                i2u292_41 04B8                                  i2u284_41 0430  
                                i2u276_41 0390                                  i2u293_40 04CE  
                                i2u277_40 03AE                                  i2u293_41 04CA  
                                i2u277_41 03AA                                  i2u285_45 043C  
                                i2u286_40 0454                                  i2u278_40 03C8  
                                i2u286_41 0450                                  i2u278_41 03C4  
                                i2u294_45 04D6                                  i2u295_40 04E4  
                                i2u287_40 0466                                  i2u295_41 04E0  
                                i2u287_41 0462                                  i2u279_45 03D4  
                                i2u296_40 04FA                                  i2u296_41 04F6  
                                i2u288_45 046E                                  i2u289_40 0486  
                                i2u289_41 0482                                  i2u297_45 0502  
                                i2u298_40 0510                                  i2u298_41 050C  
                                i2u299_40 0530                                  i2u299_41 052C  
                 _Timer3_InterruptHandler 0013                    _EUSART_ASYNC_WriteByte 06F6  
                             _RB4_ISR_Low 0782                               _RB5_ISR_Low 079E  
                             _RB6_ISR_Low 0796                      __end_ofi2_Timer0_ISR 0766  
                    __end_ofi2_Timer1_ISR 075A                               _RB7_ISR_Low 078E  
                    __end_ofi2_Timer2_ISR 077E                                 copy_data0 067E  
       EUSART_RxDefaultInterruptHandler@i 003E         EUSART_RxDefaultInterruptHandler@j 0040  
                                __Hrparam 0000                                  __Lrparam 0000  
                                __ptext10 074E                                  __ptext11 075A  
                                __ptext20 07AE                                  __ptext12 078E  
                                __ptext21 06A4                                  __ptext13 0792  
                                __ptext22 0574                                  __ptext14 0796  
                                __ptext23 0712                                  __ptext15 079A  
                                __ptext24 0724                                  __ptext16 079E  
                                __ptext25 00EE                                  __ptext17 07A2  
                                __ptext26 06F6                                  __ptext18 07A6  
                                __ptext27 06D6                                  __ptext19 07AA  
                                __ptext28 07B2                                  __ptext29 0000  
                   __end_of_InterruptHigh 0574                     _EUSART_ASYNC_ReadByte 06D6  
                 _RB5_InterruptHandlerLow 002B                                  isa$xinst 000000  
                                int$flags 0054                 dio_pin_write_logic@pinNum 003B  
                                intlevel1 0000                                  intlevel2 0000  
               _EUSART_TxInterruptHandler 0011                    ?_EUSART_ASYNC_ReadByte 0036  
                            i2_Timer0_ISR 075A                              i2_Timer1_ISR 074E  
                            i2_Timer2_ISR 0776  
